"UID","MODELID","SOLTYPE","SOLNUM","KVAR","VARNUM","VARNAME"
"1","1","1","1","1","32","SSH7_25"
"2","2","1","2","1","32","SSH7_25"
"3","3","1","3","1","32","SSH7_25"
"4","4","1","4","1","32","SSH7_25"
"5","5","1","5","1","32","SSH7_25"
"6","6","1","6","1","32","SSH7_25"
"7","7","1","7","1","32","SSH7_25"
"8","8","1","8","1","32","SSH7_25"
"9","9","1","9","1","32","SSH7_25"
"10","10","1","10","1","32","SSH7_25"
"11","11","2","1","1","32","SSH7_25"
"12","11","2","1","2","93","SPDIASTRC"
"13","12","2","2","1","32","SSH7_25"
"14","12","2","2","2","93","SPDIASTRC"
"15","13","2","3","1","32","SSH7_25"
"16","13","2","3","2","93","SPDIASTRC"
"17","14","2","4","1","32","SSH7_25"
"18","14","2","4","2","93","SPDIASTRC"
"19","15","2","5","1","32","SSH7_25"
"20","15","2","5","2","93","SPDIASTRC"
"21","16","2","6","1","32","SSH7_25"
"22","16","2","6","2","93","SPDIASTRC"
"23","17","2","7","1","32","SSH7_25"
"24","17","2","7","2","93","SPDIASTRC"
"25","18","2","8","1","32","SSH7_25"
"26","18","2","8","2","93","SPDIASTRC"
"27","19","2","9","1","32","SSH7_25"
"28","19","2","9","2","93","SPDIASTRC"
"29","20","2","10","1","32","SSH7_25"
"30","20","2","10","2","93","SPDIASTRC"
"31","21","3","1","1","6","L039"
"32","21","3","1","2","32","SSH7_25"
"33","21","3","1","3","93","SPDIASTRC"
"34","22","3","2","1","6","L039"
"35","22","3","2","2","32","SSH7_25"
"36","22","3","2","3","93","SPDIASTRC"
"37","23","3","3","1","6","L039"
"38","23","3","3","2","32","SSH7_25"
"39","23","3","3","3","93","SPDIASTRC"
"40","24","3","4","1","6","L039"
"41","24","3","4","2","32","SSH7_25"
"42","24","3","4","3","93","SPDIASTRC"
"43","25","3","5","1","6","L039"
"44","25","3","5","2","32","SSH7_25"
"45","25","3","5","3","93","SPDIASTRC"
"46","26","3","6","1","6","L039"
"47","26","3","6","2","32","SSH7_25"
"48","26","3","6","3","93","SPDIASTRC"
"49","27","3","7","1","6","L039"
"50","27","3","7","2","32","SSH7_25"
"51","27","3","7","3","93","SPDIASTRC"
"52","28","3","8","1","6","L039"
"53","28","3","8","2","32","SSH7_25"
"54","28","3","8","3","93","SPDIASTRC"
"55","29","3","9","1","6","L039"
"56","29","3","9","2","32","SSH7_25"
"57","29","3","9","3","93","SPDIASTRC"
"58","30","3","10","1","6","L039"
"59","30","3","10","2","32","SSH7_25"
"60","30","3","10","3","93","SPDIASTRC"
"61","31","4","1","1","6","L039"
"62","31","4","1","2","32","SSH7_25"
"63","31","4","1","3","93","SPDIASTRC"
"64","31","4","1","4","123","RDDEN"
"65","32","4","2","1","6","L039"
"66","32","4","2","2","32","SSH7_25"
"67","32","4","2","3","93","SPDIASTRC"
"68","32","4","2","4","123","RDDEN"
"69","33","4","3","1","6","L039"
"70","33","4","3","2","32","SSH7_25"
"71","33","4","3","3","93","SPDIASTRC"
"72","33","4","3","4","123","RDDEN"
"73","34","4","4","1","6","L039"
"74","34","4","4","2","32","SSH7_25"
"75","34","4","4","3","93","SPDIASTRC"
"76","34","4","4","4","123","RDDEN"
"77","35","4","5","1","6","L039"
"78","35","4","5","2","32","SSH7_25"
"79","35","4","5","3","93","SPDIASTRC"
"80","35","4","5","4","179","OICP"
"81","36","4","6","1","6","L039"
"82","36","4","6","2","32","SSH7_25"
"83","36","4","6","3","93","SPDIASTRC"
"84","36","4","6","4","123","RDDEN"
"85","37","4","7","1","6","L039"
"86","37","4","7","2","32","SSH7_25"
"87","37","4","7","3","93","SPDIASTRC"
"88","37","4","7","4","123","RDDEN"
"89","38","4","8","1","6","L039"
"90","38","4","8","2","32","SSH7_25"
"91","38","4","8","3","93","SPDIASTRC"
"92","38","4","8","4","179","OICP"
"93","39","4","9","1","6","L039"
"94","39","4","9","2","32","SSH7_25"
"95","39","4","9","3","93","SPDIASTRC"
"96","39","4","9","4","123","RDDEN"
"97","40","4","10","1","6","L039"
"98","40","4","10","2","32","SSH7_25"
"99","40","4","10","3","93","SPDIASTRC"
"100","40","4","10","4","123","RDDEN"
"101","41","5","1","1","6","L039"
"102","41","5","1","2","32","SSH7_25"
"103","41","5","1","3","93","SPDIASTRC"
"104","41","5","1","4","123","RDDEN"
"105","41","5","1","5","178","RDP"
"106","42","5","2","1","6","L039"
"107","42","5","2","2","32","SSH7_25"
"108","42","5","2","3","93","SPDIASTRC"
"109","42","5","2","4","123","RDDEN"
"110","42","5","2","5","178","RDP"
"111","43","5","3","1","6","L039"
"112","43","5","3","2","32","SSH7_25"
"113","43","5","3","3","93","SPDIASTRC"
"114","43","5","3","4","123","RDDEN"
"115","43","5","3","5","178","RDP"
"116","44","5","4","1","6","L039"
"117","44","5","4","2","32","SSH7_25"
"118","44","5","4","3","93","SPDIASTRC"
"119","44","5","4","4","123","RDDEN"
"120","44","5","4","5","178","RDP"
"121","45","5","5","1","6","L039"
"122","45","5","5","2","32","SSH7_25"
"123","45","5","5","3","93","SPDIASTRC"
"124","45","5","5","4","123","RDDEN"
"125","45","5","5","5","178","RDP"
"126","46","5","6","1","6","L039"
"127","46","5","6","2","32","SSH7_25"
"128","46","5","6","3","93","SPDIASTRC"
"129","46","5","6","4","123","RDDEN"
"130","46","5","6","5","178","RDP"
"131","47","5","7","1","6","L039"
"132","47","5","7","2","32","SSH7_25"
"133","47","5","7","3","93","SPDIASTRC"
"134","47","5","7","4","109","SAGESAND9"
"135","47","5","7","5","179","OICP"
"136","48","5","8","1","6","L039"
"137","48","5","8","2","32","SSH7_25"
"138","48","5","8","3","93","SPDIASTRC"
"139","48","5","8","4","123","RDDEN"
"140","48","5","8","5","178","RDP"
"141","49","5","9","1","6","L039"
"142","49","5","9","2","32","SSH7_25"
"143","49","5","9","3","93","SPDIASTRC"
"144","49","5","9","4","123","RDDEN"
"145","49","5","9","5","178","RDP"
"146","50","5","10","1","6","L039"
"147","50","5","10","2","32","SSH7_25"
"148","50","5","10","3","93","SPDIASTRC"
"149","50","5","10","4","123","RDDEN"
"150","50","5","10","5","178","RDP"
"151","51","6","1","1","6","L039"
"152","51","6","1","2","26","BLDADEN"
"153","51","6","1","3","32","SSH7_25"
"154","51","6","1","4","93","SPDIASTRC"
"155","51","6","1","5","123","RDDEN"
"156","51","6","1","6","178","RDP"
"157","52","6","2","1","6","L039"
"158","52","6","2","2","26","BLDADEN"
"159","52","6","2","3","32","SSH7_25"
"160","52","6","2","4","93","SPDIASTRC"
"161","52","6","2","5","123","RDDEN"
"162","52","6","2","6","178","RDP"
"163","53","6","3","1","6","L039"
"164","53","6","3","2","32","SSH7_25"
"165","53","6","3","3","93","SPDIASTRC"
"166","53","6","3","4","123","RDDEN"
"167","53","6","3","5","178","RDP"
"168","53","6","3","6","179","OICP"
"169","54","6","4","1","6","L039"
"170","54","6","4","2","26","BLDADEN"
"171","54","6","4","3","32","SSH7_25"
"172","54","6","4","4","93","SPDIASTRC"
"173","54","6","4","5","123","RDDEN"
"174","54","6","4","6","178","RDP"
"175","55","6","5","1","6","L039"
"176","55","6","5","2","26","BLDADEN"
"177","55","6","5","3","32","SSH7_25"
"178","55","6","5","4","93","SPDIASTRC"
"179","55","6","5","5","123","RDDEN"
"180","55","6","5","6","178","RDP"
"181","56","6","6","1","6","L039"
"182","56","6","6","2","26","BLDADEN"
"183","56","6","6","3","32","SSH7_25"
"184","56","6","6","4","93","SPDIASTRC"
"185","56","6","6","5","123","RDDEN"
"186","56","6","6","6","178","RDP"
"187","57","6","7","1","6","L039"
"188","57","6","7","2","26","BLDADEN"
"189","57","6","7","3","32","SSH7_25"
"190","57","6","7","4","93","SPDIASTRC"
"191","57","6","7","5","123","RDDEN"
"192","57","6","7","6","178","RDP"
"193","58","6","8","1","6","L039"
"194","58","6","8","2","26","BLDADEN"
"195","58","6","8","3","32","SSH7_25"
"196","58","6","8","4","93","SPDIASTRC"
"197","58","6","8","5","123","RDDEN"
"198","58","6","8","6","178","RDP"
"199","59","6","9","1","6","L039"
"200","59","6","9","2","26","BLDADEN"
"201","59","6","9","3","32","SSH7_25"
"202","59","6","9","4","93","SPDIASTRC"
"203","59","6","9","5","123","RDDEN"
"204","59","6","9","6","178","RDP"
"205","60","6","10","1","6","L039"
"206","60","6","10","2","26","BLDADEN"
"207","60","6","10","3","32","SSH7_25"
"208","60","6","10","4","93","SPDIASTRC"
"209","60","6","10","5","123","RDDEN"
"210","60","6","10","6","178","RDP"
"211","61","7","1","1","6","L039"
"212","61","7","1","2","26","BLDADEN"
"213","61","7","1","3","32","SSH7_25"
"214","61","7","1","4","93","SPDIASTRC"
"215","61","7","1","5","123","RDDEN"
"216","61","7","1","6","178","RDP"
"217","61","7","1","7","179","OICP"
"218","62","7","2","1","6","L039"
"219","62","7","2","2","26","BLDADEN"
"220","62","7","2","3","32","SSH7_25"
"221","62","7","2","4","93","SPDIASTRC"
"222","62","7","2","5","123","RDDEN"
"223","62","7","2","6","178","RDP"
"224","62","7","2","7","179","OICP"
"225","63","7","3","1","6","L039"
"226","63","7","3","2","26","BLDADEN"
"227","63","7","3","3","32","SSH7_25"
"228","63","7","3","4","93","SPDIASTRC"
"229","63","7","3","5","123","RDDEN"
"230","63","7","3","6","178","RDP"
"231","63","7","3","7","179","OICP"
"232","64","7","4","1","6","L039"
"233","64","7","4","2","26","BLDADEN"
"234","64","7","4","3","32","SSH7_25"
"235","64","7","4","4","93","SPDIASTRC"
"236","64","7","4","5","123","RDDEN"
"237","64","7","4","6","178","RDP"
"238","64","7","4","7","179","OICP"
"239","65","7","5","1","6","L039"
"240","65","7","5","2","26","BLDADEN"
"241","65","7","5","3","32","SSH7_25"
"242","65","7","5","4","93","SPDIASTRC"
"243","65","7","5","5","123","RDDEN"
"244","65","7","5","6","178","RDP"
"245","65","7","5","7","179","OICP"
"246","66","7","6","1","6","L039"
"247","66","7","6","2","32","SSH7_25"
"248","66","7","6","3","93","SPDIASTRC"
"249","66","7","6","4","123","RDDEN"
"250","66","7","6","5","134","PCLDEND1"
"251","66","7","6","6","178","RDP"
"252","66","7","6","7","179","OICP"
"253","67","7","7","1","6","L039"
"254","67","7","7","2","26","BLDADEN"
"255","67","7","7","3","32","SSH7_25"
"256","67","7","7","4","93","SPDIASTRC"
"257","67","7","7","5","123","RDDEN"
"258","67","7","7","6","178","RDP"
"259","67","7","7","7","179","OICP"
"260","68","7","8","1","6","L039"
"261","68","7","8","2","26","BLDADEN"
"262","68","7","8","3","32","SSH7_25"
"263","68","7","8","4","93","SPDIASTRC"
"264","68","7","8","5","123","RDDEN"
"265","68","7","8","6","178","RDP"
"266","68","7","8","7","179","OICP"
"267","69","7","9","1","6","L039"
"268","69","7","9","2","26","BLDADEN"
"269","69","7","9","3","32","SSH7_25"
"270","69","7","9","4","93","SPDIASTRC"
"271","69","7","9","5","123","RDDEN"
"272","69","7","9","6","178","RDP"
"273","69","7","9","7","179","OICP"
"274","70","7","10","1","6","L039"
"275","70","7","10","2","26","BLDADEN"
"276","70","7","10","3","32","SSH7_25"
"277","70","7","10","4","93","SPDIASTRC"
"278","70","7","10","5","123","RDDEN"
"279","70","7","10","6","178","RDP"
"280","70","7","10","7","179","OICP"
"281","71","8","1","1","6","L039"
"282","71","8","1","2","26","BLDADEN"
"283","71","8","1","3","32","SSH7_25"
"284","71","8","1","4","93","SPDIASTRC"
"285","71","8","1","5","109","SAGESAND9"
"286","71","8","1","6","123","RDDEN"
"287","71","8","1","7","178","RDP"
"288","71","8","1","8","179","OICP"
"289","72","8","2","1","6","L039"
"290","72","8","2","2","25","SLOPSTR1"
"291","72","8","2","3","26","BLDADEN"
"292","72","8","2","4","32","SSH7_25"
"293","72","8","2","5","93","SPDIASTRC"
"294","72","8","2","6","94","L032"
"295","72","8","2","7","109","SAGESAND9"
"296","72","8","2","8","179","OICP"
"297","73","8","3","1","6","L039"
"298","73","8","3","2","26","BLDADEN"
"299","73","8","3","3","32","SSH7_25"
"300","73","8","3","4","93","SPDIASTRC"
"301","73","8","3","5","109","SAGESAND9"
"302","73","8","3","6","123","RDDEN"
"303","73","8","3","7","178","RDP"
"304","73","8","3","8","179","OICP"
"305","74","8","4","1","6","L039"
"306","74","8","4","2","26","BLDADEN"
"307","74","8","4","3","32","SSH7_25"
"308","74","8","4","4","93","SPDIASTRC"
"309","74","8","4","5","109","SAGESAND9"
"310","74","8","4","6","123","RDDEN"
"311","74","8","4","7","178","RDP"
"312","74","8","4","8","179","OICP"
"313","75","8","5","1","6","L039"
"314","75","8","5","2","26","BLDADEN"
"315","75","8","5","3","32","SSH7_25"
"316","75","8","5","4","93","SPDIASTRC"
"317","75","8","5","5","109","SAGESAND9"
"318","75","8","5","6","123","RDDEN"
"319","75","8","5","7","178","RDP"
"320","75","8","5","8","179","OICP"
"321","76","8","6","1","6","L039"
"322","76","8","6","2","26","BLDADEN"
"323","76","8","6","3","32","SSH7_25"
"324","76","8","6","4","93","SPDIASTRC"
"325","76","8","6","5","109","SAGESAND9"
"326","76","8","6","6","123","RDDEN"
"327","76","8","6","7","178","RDP"
"328","76","8","6","8","179","OICP"
"329","77","8","7","1","6","L039"
"330","77","8","7","2","26","BLDADEN"
"331","77","8","7","3","32","SSH7_25"
"332","77","8","7","4","93","SPDIASTRC"
"333","77","8","7","5","109","SAGESAND9"
"334","77","8","7","6","123","RDDEN"
"335","77","8","7","7","178","RDP"
"336","77","8","7","8","179","OICP"
"337","78","8","8","1","6","L039"
"338","78","8","8","2","26","BLDADEN"
"339","78","8","8","3","29","SPAGESAN3"
"340","78","8","8","4","32","SSH7_25"
"341","78","8","8","5","93","SPDIASTRC"
"342","78","8","8","6","123","RDDEN"
"343","78","8","8","7","178","RDP"
"344","78","8","8","8","179","OICP"
"345","79","8","9","1","6","L039"
"346","79","8","9","2","26","BLDADEN"
"347","79","8","9","3","32","SSH7_25"
"348","79","8","9","4","93","SPDIASTRC"
"349","79","8","9","5","109","SAGESAND9"
"350","79","8","9","6","123","RDDEN"
"351","79","8","9","7","178","RDP"
"352","79","8","9","8","179","OICP"
"353","80","8","10","1","6","L039"
"354","80","8","10","2","26","BLDADEN"
"355","80","8","10","3","32","SSH7_25"
"356","80","8","10","4","93","SPDIASTRC"
"357","80","8","10","5","109","SAGESAND9"
"358","80","8","10","6","123","RDDEN"
"359","80","8","10","7","178","RDP"
"360","80","8","10","8","179","OICP"
"361","81","9","1","1","3","BLDDEND1"
"362","81","9","1","2","6","L039"
"363","81","9","1","3","26","BLDADEN"
"364","81","9","1","4","32","SSH7_25"
"365","81","9","1","5","93","SPDIASTRC"
"366","81","9","1","6","109","SAGESAND9"
"367","81","9","1","7","123","RDDEN"
"368","81","9","1","8","178","RDP"
"369","81","9","1","9","179","OICP"
"370","82","9","2","1","3","BLDDEND1"
"371","82","9","2","2","6","L039"
"372","82","9","2","3","26","BLDADEN"
"373","82","9","2","4","32","SSH7_25"
"374","82","9","2","5","93","SPDIASTRC"
"375","82","9","2","6","109","SAGESAND9"
"376","82","9","2","7","123","RDDEN"
"377","82","9","2","8","178","RDP"
"378","82","9","2","9","179","OICP"
"379","83","9","3","1","6","L039"
"380","83","9","3","2","26","BLDADEN"
"381","83","9","3","3","32","SSH7_25"
"382","83","9","3","4","93","SPDIASTRC"
"383","83","9","3","5","109","SAGESAND9"
"384","83","9","3","6","123","RDDEN"
"385","83","9","3","7","172","PCLDEND0"
"386","83","9","3","8","178","RDP"
"387","83","9","3","9","179","OICP"
"388","84","9","4","1","3","BLDDEND1"
"389","84","9","4","2","6","L039"
"390","84","9","4","3","26","BLDADEN"
"391","84","9","4","4","32","SSH7_25"
"392","84","9","4","5","93","SPDIASTRC"
"393","84","9","4","6","109","SAGESAND9"
"394","84","9","4","7","123","RDDEN"
"395","84","9","4","8","178","RDP"
"396","84","9","4","9","179","OICP"
"397","85","9","5","1","6","L039"
"398","85","9","5","2","25","SLOPSTR1"
"399","85","9","5","3","26","BLDADEN"
"400","85","9","5","4","32","SSH7_25"
"401","85","9","5","5","93","SPDIASTRC"
"402","85","9","5","6","99","RDDEND1"
"403","85","9","5","7","109","SAGESAND9"
"404","85","9","5","8","178","RDP"
"405","85","9","5","9","179","OICP"
"406","86","9","6","1","3","BLDDEND1"
"407","86","9","6","2","6","L039"
"408","86","9","6","3","26","BLDADEN"
"409","86","9","6","4","32","SSH7_25"
"410","86","9","6","5","93","SPDIASTRC"
"411","86","9","6","6","109","SAGESAND9"
"412","86","9","6","7","123","RDDEN"
"413","86","9","6","8","178","RDP"
"414","86","9","6","9","179","OICP"
"415","87","9","7","1","6","L039"
"416","87","9","7","2","25","SLOPSTR1"
"417","87","9","7","3","26","BLDADEN"
"418","87","9","7","4","29","SPAGESAN3"
"419","87","9","7","5","32","SSH7_25"
"420","87","9","7","6","93","SPDIASTRC"
"421","87","9","7","7","123","RDDEN"
"422","87","9","7","8","178","RDP"
"423","87","9","7","9","179","OICP"
"424","88","9","8","1","6","L039"
"425","88","9","8","2","25","SLOPSTR1"
"426","88","9","8","3","29","SPAGESAN3"
"427","88","9","8","4","32","SSH7_25"
"428","88","9","8","5","93","SPDIASTRC"
"429","88","9","8","6","123","RDDEN"
"430","88","9","8","7","134","PCLDEND1"
"431","88","9","8","8","178","RDP"
"432","88","9","8","9","179","OICP"
"433","89","9","9","1","3","BLDDEND1"
"434","89","9","9","2","6","L039"
"435","89","9","9","3","26","BLDADEN"
"436","89","9","9","4","32","SSH7_25"
"437","89","9","9","5","93","SPDIASTRC"
"438","89","9","9","6","109","SAGESAND9"
"439","89","9","9","7","123","RDDEN"
"440","89","9","9","8","178","RDP"
"441","89","9","9","9","179","OICP"
"442","90","9","10","1","6","L039"
"443","90","9","10","2","32","SSH7_25"
"444","90","9","10","3","93","SPDIASTRC"
"445","90","9","10","4","100","RDDEND2"
"446","90","9","10","5","109","SAGESAND9"
"447","90","9","10","6","123","RDDEN"
"448","90","9","10","7","134","PCLDEND1"
"449","90","9","10","8","178","RDP"
"450","90","9","10","9","179","OICP"
"451","91","10","1","1","6","L039"
"452","91","10","1","2","25","SLOPSTR1"
"453","91","10","1","3","26","BLDADEN"
"454","91","10","1","4","29","SPAGESAN3"
"455","91","10","1","5","32","SSH7_25"
"456","91","10","1","6","93","SPDIASTRC"
"457","91","10","1","7","100","RDDEND2"
"458","91","10","1","8","123","RDDEN"
"459","91","10","1","9","178","RDP"
"460","91","10","1","10","179","OICP"
"461","92","10","2","1","6","L039"
"462","92","10","2","2","25","SLOPSTR1"
"463","92","10","2","3","32","SSH7_25"
"464","92","10","2","4","93","SPDIASTRC"
"465","92","10","2","5","102","GWTRTB4YU"
"466","92","10","2","6","123","RDDEN"
"467","92","10","2","7","134","PCLDEND1"
"468","92","10","2","8","142","GWTRTB1YB"
"469","92","10","2","9","178","RDP"
"470","92","10","2","10","179","OICP"
"471","93","10","3","1","6","L039"
"472","93","10","3","2","25","SLOPSTR1"
"473","93","10","3","3","32","SSH7_25"
"474","93","10","3","4","93","SPDIASTRC"
"475","93","10","3","5","109","SAGESAND9"
"476","93","10","3","6","115","BLDADEND0"
"477","93","10","3","7","123","RDDEN"
"478","93","10","3","8","134","PCLDEND1"
"479","93","10","3","9","178","RDP"
"480","93","10","3","10","179","OICP"
"481","94","10","4","1","3","BLDDEND1"
"482","94","10","4","2","6","L039"
"483","94","10","4","3","25","SLOPSTR1"
"484","94","10","4","4","26","BLDADEN"
"485","94","10","4","5","32","SSH7_25"
"486","94","10","4","6","93","SPDIASTRC"
"487","94","10","4","7","109","SAGESAND9"
"488","94","10","4","8","123","RDDEN"
"489","94","10","4","9","178","RDP"
"490","94","10","4","10","179","OICP"
"491","95","10","5","1","6","L039"
"492","95","10","5","2","25","SLOPSTR1"
"493","95","10","5","3","26","BLDADEN"
"494","95","10","5","4","29","SPAGESAN3"
"495","95","10","5","5","32","SSH7_25"
"496","95","10","5","6","93","SPDIASTRC"
"497","95","10","5","7","100","RDDEND2"
"498","95","10","5","8","123","RDDEN"
"499","95","10","5","9","178","RDP"
"500","95","10","5","10","179","OICP"
"501","96","10","6","1","6","L039"
"502","96","10","6","2","25","SLOPSTR1"
"503","96","10","6","3","26","BLDADEN"
"504","96","10","6","4","32","SSH7_25"
"505","96","10","6","5","93","SPDIASTRC"
"506","96","10","6","6","109","SAGESAND9"
"507","96","10","6","7","123","RDDEN"
"508","96","10","6","8","134","PCLDEND1"
"509","96","10","6","9","178","RDP"
"510","96","10","6","10","179","OICP"
"511","97","10","7","1","6","L039"
"512","97","10","7","2","25","SLOPSTR1"
"513","97","10","7","3","26","BLDADEN"
"514","97","10","7","4","32","SSH7_25"
"515","97","10","7","5","93","SPDIASTRC"
"516","97","10","7","6","94","L032"
"517","97","10","7","7","109","SAGESAND9"
"518","97","10","7","8","123","RDDEN"
"519","97","10","7","9","178","RDP"
"520","97","10","7","10","179","OICP"
"521","98","10","8","1","6","L039"
"522","98","10","8","2","25","SLOPSTR1"
"523","98","10","8","3","26","BLDADEN"
"524","98","10","8","4","29","SPAGESAN3"
"525","98","10","8","5","32","SSH7_25"
"526","98","10","8","6","93","SPDIASTRC"
"527","98","10","8","7","100","RDDEND2"
"528","98","10","8","8","123","RDDEN"
"529","98","10","8","9","178","RDP"
"530","98","10","8","10","179","OICP"
"531","99","10","9","1","6","L039"
"532","99","10","9","2","25","SLOPSTR1"
"533","99","10","9","3","32","SSH7_25"
"534","99","10","9","4","93","SPDIASTRC"
"535","99","10","9","5","100","RDDEND2"
"536","99","10","9","6","102","GWTRTB4YU"
"537","99","10","9","7","123","RDDEN"
"538","99","10","9","8","134","PCLDEND1"
"539","99","10","9","9","178","RDP"
"540","99","10","9","10","179","OICP"
"541","100","10","10","1","3","BLDDEND1"
"542","100","10","10","2","6","L039"
"543","100","10","10","3","25","SLOPSTR1"
"544","100","10","10","4","26","BLDADEN"
"545","100","10","10","5","32","SSH7_25"
"546","100","10","10","6","93","SPDIASTRC"
"547","100","10","10","7","109","SAGESAND9"
"548","100","10","10","8","123","RDDEN"
"549","100","10","10","9","178","RDP"
"550","100","10","10","10","179","OICP"
"551","101","11","1","1","3","BLDDEND1"
"552","101","11","1","2","6","L039"
"553","101","11","1","3","25","SLOPSTR1"
"554","101","11","1","4","26","BLDADEN"
"555","101","11","1","5","29","SPAGESAN3"
"556","101","11","1","6","32","SSH7_25"
"557","101","11","1","7","93","SPDIASTRC"
"558","101","11","1","8","123","RDDEN"
"559","101","11","1","9","178","RDP"
"560","101","11","1","10","179","OICP"
"561","101","11","1","11","193","T20_1800SD"
"562","102","11","2","1","6","L039"
"563","102","11","2","2","25","SLOPSTR1"
"564","102","11","2","3","26","BLDADEN"
"565","102","11","2","4","32","SSH7_25"
"566","102","11","2","5","71","SSH21"
"567","102","11","2","6","93","SPDIASTRC"
"568","102","11","2","7","109","SAGESAND9"
"569","102","11","2","8","123","RDDEN"
"570","102","11","2","9","134","PCLDEND1"
"571","102","11","2","10","178","RDP"
"572","102","11","2","11","179","OICP"
"573","103","11","3","1","6","L039"
"574","103","11","3","2","25","SLOPSTR1"
"575","103","11","3","3","26","BLDADEN"
"576","103","11","3","4","32","SSH7_25"
"577","103","11","3","5","71","SSH21"
"578","103","11","3","6","93","SPDIASTRC"
"579","103","11","3","7","109","SAGESAND9"
"580","103","11","3","8","123","RDDEN"
"581","103","11","3","9","134","PCLDEND1"
"582","103","11","3","10","178","RDP"
"583","103","11","3","11","179","OICP"
"584","104","11","4","1","6","L039"
"585","104","11","4","2","25","SLOPSTR1"
"586","104","11","4","3","26","BLDADEN"
"587","104","11","4","4","32","SSH7_25"
"588","104","11","4","5","93","SPDIASTRC"
"589","104","11","4","6","109","SAGESAND9"
"590","104","11","4","7","123","RDDEN"
"591","104","11","4","8","134","PCLDEND1"
"592","104","11","4","9","137","L060"
"593","104","11","4","10","178","RDP"
"594","104","11","4","11","179","OICP"
"595","105","11","5","1","3","BLDDEND1"
"596","105","11","5","2","6","L039"
"597","105","11","5","3","25","SLOPSTR1"
"598","105","11","5","4","26","BLDADEN"
"599","105","11","5","5","32","SSH7_25"
"600","105","11","5","6","93","SPDIASTRC"
"601","105","11","5","7","109","SAGESAND9"
"602","105","11","5","8","123","RDDEN"
"603","105","11","5","9","134","PCLDEND1"
"604","105","11","5","10","178","RDP"
"605","105","11","5","11","179","OICP"
"606","106","11","6","1","6","L039"
"607","106","11","6","2","25","SLOPSTR1"
"608","106","11","6","3","26","BLDADEN"
"609","106","11","6","4","32","SSH7_25"
"610","106","11","6","5","93","SPDIASTRC"
"611","106","11","6","6","109","SAGESAND9"
"612","106","11","6","7","123","RDDEN"
"613","106","11","6","8","134","PCLDEND1"
"614","106","11","6","9","160","SPAGESAN2"
"615","106","11","6","10","178","RDP"
"616","106","11","6","11","179","OICP"
"617","107","11","7","1","26","BLDADEN"
"618","107","11","7","2","32","SSH7_25"
"619","107","11","7","3","92","BLDDENI"
"620","107","11","7","4","93","SPDIASTRC"
"621","107","11","7","5","109","SAGESAND9"
"622","107","11","7","6","115","BLDADEND0"
"623","107","11","7","7","123","RDDEN"
"624","107","11","7","8","137","L060"
"625","107","11","7","9","172","PCLDEND0"
"626","107","11","7","10","178","RDP"
"627","107","11","7","11","179","OICP"
"628","108","11","8","1","3","BLDDEND1"
"629","108","11","8","2","6","L039"
"630","108","11","8","3","25","SLOPSTR1"
"631","108","11","8","4","26","BLDADEN"
"632","108","11","8","5","32","SSH7_25"
"633","108","11","8","6","93","SPDIASTRC"
"634","108","11","8","7","109","SAGESAND9"
"635","108","11","8","8","123","RDDEN"
"636","108","11","8","9","134","PCLDEND1"
"637","108","11","8","10","178","RDP"
"638","108","11","8","11","179","OICP"
"639","109","11","9","1","6","L039"
"640","109","11","9","2","25","SLOPSTR1"
"641","109","11","9","3","26","BLDADEN"
"642","109","11","9","4","32","SSH7_25"
"643","109","11","9","5","69","SSH24"
"644","109","11","9","6","93","SPDIASTRC"
"645","109","11","9","7","109","SAGESAND9"
"646","109","11","9","8","123","RDDEN"
"647","109","11","9","9","134","PCLDEND1"
"648","109","11","9","10","178","RDP"
"649","109","11","9","11","179","OICP"
"650","110","11","10","1","6","L039"
"651","110","11","10","2","25","SLOPSTR1"
"652","110","11","10","3","26","BLDADEN"
"653","110","11","10","4","32","SSH7_25"
"654","110","11","10","5","62","SSH1"
"655","110","11","10","6","93","SPDIASTRC"
"656","110","11","10","7","109","SAGESAND9"
"657","110","11","10","8","123","RDDEN"
"658","110","11","10","9","134","PCLDEND1"
"659","110","11","10","10","178","RDP"
"660","110","11","10","11","179","OICP"
"661","111","12","1","1","6","L039"
"662","111","12","1","2","25","SLOPSTR1"
"663","111","12","1","3","26","BLDADEN"
"664","111","12","1","4","32","SSH7_25"
"665","111","12","1","5","93","SPDIASTRC"
"666","111","12","1","6","94","L032"
"667","111","12","1","7","102","GWTRTB4YU"
"668","111","12","1","8","109","SAGESAND9"
"669","111","12","1","9","123","RDDEN"
"670","111","12","1","10","134","PCLDEND1"
"671","111","12","1","11","178","RDP"
"672","111","12","1","12","179","OICP"
"673","112","12","2","1","6","L039"
"674","112","12","2","2","25","SLOPSTR1"
"675","112","12","2","3","26","BLDADEN"
"676","112","12","2","4","32","SSH7_25"
"677","112","12","2","5","92","BLDDENI"
"678","112","12","2","6","93","SPDIASTRC"
"679","112","12","2","7","109","SAGESAND9"
"680","112","12","2","8","115","BLDADEND0"
"681","112","12","2","9","134","PCLDEND1"
"682","112","12","2","10","137","L060"
"683","112","12","2","11","178","RDP"
"684","112","12","2","12","179","OICP"
"685","113","12","3","1","6","L039"
"686","113","12","3","2","25","SLOPSTR1"
"687","113","12","3","3","26","BLDADEN"
"688","113","12","3","4","32","SSH7_25"
"689","113","12","3","5","92","BLDDENI"
"690","113","12","3","6","93","SPDIASTRC"
"691","113","12","3","7","109","SAGESAND9"
"692","113","12","3","8","115","BLDADEND0"
"693","113","12","3","9","134","PCLDEND1"
"694","113","12","3","10","137","L060"
"695","113","12","3","11","178","RDP"
"696","113","12","3","12","179","OICP"
"697","114","12","4","1","6","L039"
"698","114","12","4","2","25","SLOPSTR1"
"699","114","12","4","3","26","BLDADEN"
"700","114","12","4","4","32","SSH7_25"
"701","114","12","4","5","92","BLDDENI"
"702","114","12","4","6","93","SPDIASTRC"
"703","114","12","4","7","109","SAGESAND9"
"704","114","12","4","8","115","BLDADEND0"
"705","114","12","4","9","134","PCLDEND1"
"706","114","12","4","10","137","L060"
"707","114","12","4","11","178","RDP"
"708","114","12","4","12","179","OICP"
"709","115","12","5","1","6","L039"
"710","115","12","5","2","25","SLOPSTR1"
"711","115","12","5","3","26","BLDADEN"
"712","115","12","5","4","32","SSH7_25"
"713","115","12","5","5","93","SPDIASTRC"
"714","115","12","5","6","100","RDDEND2"
"715","115","12","5","7","109","SAGESAND9"
"716","115","12","5","8","123","RDDEN"
"717","115","12","5","9","134","PCLDEND1"
"718","115","12","5","10","178","RDP"
"719","115","12","5","11","179","OICP"
"720","115","12","5","12","193","T20_1800SD"
"721","116","12","6","1","6","L039"
"722","116","12","6","2","25","SLOPSTR1"
"723","116","12","6","3","26","BLDADEN"
"724","116","12","6","4","32","SSH7_25"
"725","116","12","6","5","92","BLDDENI"
"726","116","12","6","6","93","SPDIASTRC"
"727","116","12","6","7","109","SAGESAND9"
"728","116","12","6","8","115","BLDADEND0"
"729","116","12","6","9","134","PCLDEND1"
"730","116","12","6","10","137","L060"
"731","116","12","6","11","178","RDP"
"732","116","12","6","12","179","OICP"
"733","117","12","7","1","6","L039"
"734","117","12","7","2","25","SLOPSTR1"
"735","117","12","7","3","26","BLDADEN"
"736","117","12","7","4","32","SSH7_25"
"737","117","12","7","5","93","SPDIASTRC"
"738","117","12","7","6","109","SAGESAND9"
"739","117","12","7","7","123","RDDEN"
"740","117","12","7","8","134","PCLDEND1"
"741","117","12","7","9","137","L060"
"742","117","12","7","10","172","PCLDEND0"
"743","117","12","7","11","178","RDP"
"744","117","12","7","12","179","OICP"
"745","118","12","8","1","6","L039"
"746","118","12","8","2","25","SLOPSTR1"
"747","118","12","8","3","26","BLDADEN"
"748","118","12","8","4","32","SSH7_25"
"749","118","12","8","5","93","SPDIASTRC"
"750","118","12","8","6","100","RDDEND2"
"751","118","12","8","7","109","SAGESAND9"
"752","118","12","8","8","111","BLDADEND9"
"753","118","12","8","9","123","RDDEN"
"754","118","12","8","10","134","PCLDEND1"
"755","118","12","8","11","178","RDP"
"756","118","12","8","12","179","OICP"
"757","119","12","9","1","6","L039"
"758","119","12","9","2","25","SLOPSTR1"
"759","119","12","9","3","26","BLDADEN"
"760","119","12","9","4","32","SSH7_25"
"761","119","12","9","5","64","SDIASAN3"
"762","119","12","9","6","93","SPDIASTRC"
"763","119","12","9","7","109","SAGESAND9"
"764","119","12","9","8","123","RDDEN"
"765","119","12","9","9","134","PCLDEND1"
"766","119","12","9","10","137","L060"
"767","119","12","9","11","178","RDP"
"768","119","12","9","12","179","OICP"
"769","120","12","10","1","6","L039"
"770","120","12","10","2","25","SLOPSTR1"
"771","120","12","10","3","26","BLDADEN"
"772","120","12","10","4","32","SSH7_25"
"773","120","12","10","5","92","BLDDENI"
"774","120","12","10","6","93","SPDIASTRC"
"775","120","12","10","7","109","SAGESAND9"
"776","120","12","10","8","115","BLDADEND0"
"777","120","12","10","9","134","PCLDEND1"
"778","120","12","10","10","137","L060"
"779","120","12","10","11","178","RDP"
"780","120","12","10","12","179","OICP"
"781","121","13","1","1","26","BLDADEN"
"782","121","13","1","2","32","SSH7_25"
"783","121","13","1","3","92","BLDDENI"
"784","121","13","1","4","93","SPDIASTRC"
"785","121","13","1","5","100","RDDEND2"
"786","121","13","1","6","109","SAGESAND9"
"787","121","13","1","7","115","BLDADEND0"
"788","121","13","1","8","123","RDDEN"
"789","121","13","1","9","134","PCLDEND1"
"790","121","13","1","10","137","L060"
"791","121","13","1","11","172","PCLDEND0"
"792","121","13","1","12","178","RDP"
"793","121","13","1","13","179","OICP"
"794","122","13","2","1","3","BLDDEND1"
"795","122","13","2","2","6","L039"
"796","122","13","2","3","25","SLOPSTR1"
"797","122","13","2","4","26","BLDADEN"
"798","122","13","2","5","32","SSH7_25"
"799","122","13","2","6","92","BLDDENI"
"800","122","13","2","7","93","SPDIASTRC"
"801","122","13","2","8","109","SAGESAND9"
"802","122","13","2","9","115","BLDADEND0"
"803","122","13","2","10","134","PCLDEND1"
"804","122","13","2","11","137","L060"
"805","122","13","2","12","178","RDP"
"806","122","13","2","13","179","OICP"
"807","123","13","3","1","3","BLDDEND1"
"808","123","13","3","2","6","L039"
"809","123","13","3","3","25","SLOPSTR1"
"810","123","13","3","4","26","BLDADEN"
"811","123","13","3","5","32","SSH7_25"
"812","123","13","3","6","92","BLDDENI"
"813","123","13","3","7","93","SPDIASTRC"
"814","123","13","3","8","109","SAGESAND9"
"815","123","13","3","9","115","BLDADEND0"
"816","123","13","3","10","134","PCLDEND1"
"817","123","13","3","11","137","L060"
"818","123","13","3","12","178","RDP"
"819","123","13","3","13","179","OICP"
"820","124","13","4","1","3","BLDDEND1"
"821","124","13","4","2","6","L039"
"822","124","13","4","3","25","SLOPSTR1"
"823","124","13","4","4","26","BLDADEN"
"824","124","13","4","5","32","SSH7_25"
"825","124","13","4","6","92","BLDDENI"
"826","124","13","4","7","93","SPDIASTRC"
"827","124","13","4","8","109","SAGESAND9"
"828","124","13","4","9","115","BLDADEND0"
"829","124","13","4","10","134","PCLDEND1"
"830","124","13","4","11","137","L060"
"831","124","13","4","12","178","RDP"
"832","124","13","4","13","179","OICP"
"833","125","13","5","1","3","BLDDEND1"
"834","125","13","5","2","6","L039"
"835","125","13","5","3","25","SLOPSTR1"
"836","125","13","5","4","26","BLDADEN"
"837","125","13","5","5","32","SSH7_25"
"838","125","13","5","6","92","BLDDENI"
"839","125","13","5","7","93","SPDIASTRC"
"840","125","13","5","8","109","SAGESAND9"
"841","125","13","5","9","115","BLDADEND0"
"842","125","13","5","10","134","PCLDEND1"
"843","125","13","5","11","137","L060"
"844","125","13","5","12","178","RDP"
"845","125","13","5","13","179","OICP"
"846","126","13","6","1","6","L039"
"847","126","13","6","2","25","SLOPSTR1"
"848","126","13","6","3","26","BLDADEN"
"849","126","13","6","4","32","SSH7_25"
"850","126","13","6","5","92","BLDDENI"
"851","126","13","6","6","93","SPDIASTRC"
"852","126","13","6","7","109","SAGESAND9"
"853","126","13","6","8","115","BLDADEND0"
"854","126","13","6","9","123","RDDEN"
"855","126","13","6","10","134","PCLDEND1"
"856","126","13","6","11","137","L060"
"857","126","13","6","12","178","RDP"
"858","126","13","6","13","179","OICP"
"859","127","13","7","1","3","BLDDEND1"
"860","127","13","7","2","6","L039"
"861","127","13","7","3","25","SLOPSTR1"
"862","127","13","7","4","26","BLDADEN"
"863","127","13","7","5","32","SSH7_25"
"864","127","13","7","6","92","BLDDENI"
"865","127","13","7","7","93","SPDIASTRC"
"866","127","13","7","8","109","SAGESAND9"
"867","127","13","7","9","115","BLDADEND0"
"868","127","13","7","10","134","PCLDEND1"
"869","127","13","7","11","137","L060"
"870","127","13","7","12","178","RDP"
"871","127","13","7","13","179","OICP"
"872","128","13","8","1","6","L039"
"873","128","13","8","2","25","SLOPSTR1"
"874","128","13","8","3","26","BLDADEN"
"875","128","13","8","4","32","SSH7_25"
"876","128","13","8","5","92","BLDDENI"
"877","128","13","8","6","93","SPDIASTRC"
"878","128","13","8","7","109","SAGESAND9"
"879","128","13","8","8","115","BLDADEND0"
"880","128","13","8","9","123","RDDEN"
"881","128","13","8","10","134","PCLDEND1"
"882","128","13","8","11","137","L060"
"883","128","13","8","12","178","RDP"
"884","128","13","8","13","179","OICP"
"885","129","13","9","1","6","L039"
"886","129","13","9","2","25","SLOPSTR1"
"887","129","13","9","3","28","SPAGESAN1"
"888","129","13","9","4","32","SSH7_25"
"889","129","13","9","5","93","SPDIASTRC"
"890","129","13","9","6","100","RDDEND2"
"891","129","13","9","7","102","GWTRTB4YU"
"892","129","13","9","8","109","SAGESAND9"
"893","129","13","9","9","123","RDDEN"
"894","129","13","9","10","134","PCLDEND1"
"895","129","13","9","11","137","L060"
"896","129","13","9","12","178","RDP"
"897","129","13","9","13","179","OICP"
"898","130","13","10","1","3","BLDDEND1"
"899","130","13","10","2","6","L039"
"900","130","13","10","3","25","SLOPSTR1"
"901","130","13","10","4","26","BLDADEN"
"902","130","13","10","5","32","SSH7_25"
"903","130","13","10","6","92","BLDDENI"
"904","130","13","10","7","93","SPDIASTRC"
"905","130","13","10","8","109","SAGESAND9"
"906","130","13","10","9","115","BLDADEND0"
"907","130","13","10","10","134","PCLDEND1"
"908","130","13","10","11","137","L060"
"909","130","13","10","12","178","RDP"
"910","130","13","10","13","179","OICP"
"911","131","14","1","1","6","L039"
"912","131","14","1","2","25","SLOPSTR1"
"913","131","14","1","3","26","BLDADEN"
"914","131","14","1","4","32","SSH7_25"
"915","131","14","1","5","74","SPAGESTR2"
"916","131","14","1","6","92","BLDDENI"
"917","131","14","1","7","93","SPDIASTRC"
"918","131","14","1","8","100","RDDEND2"
"919","131","14","1","9","109","SAGESAND9"
"920","131","14","1","10","115","BLDADEND0"
"921","131","14","1","11","123","RDDEN"
"922","131","14","1","12","134","PCLDEND1"
"923","131","14","1","13","178","RDP"
"924","131","14","1","14","179","OICP"
"925","132","14","2","1","6","L039"
"926","132","14","2","2","25","SLOPSTR1"
"927","132","14","2","3","26","BLDADEN"
"928","132","14","2","4","32","SSH7_25"
"929","132","14","2","5","92","BLDDENI"
"930","132","14","2","6","93","SPDIASTRC"
"931","132","14","2","7","100","RDDEND2"
"932","132","14","2","8","109","SAGESAND9"
"933","132","14","2","9","115","BLDADEND0"
"934","132","14","2","10","123","RDDEN"
"935","132","14","2","11","134","PCLDEND1"
"936","132","14","2","12","137","L060"
"937","132","14","2","13","178","RDP"
"938","132","14","2","14","179","OICP"
"939","133","14","3","1","6","L039"
"940","133","14","3","2","25","SLOPSTR1"
"941","133","14","3","3","26","BLDADEN"
"942","133","14","3","4","32","SSH7_25"
"943","133","14","3","5","92","BLDDENI"
"944","133","14","3","6","93","SPDIASTRC"
"945","133","14","3","7","100","RDDEND2"
"946","133","14","3","8","109","SAGESAND9"
"947","133","14","3","9","115","BLDADEND0"
"948","133","14","3","10","123","RDDEN"
"949","133","14","3","11","134","PCLDEND1"
"950","133","14","3","12","137","L060"
"951","133","14","3","13","178","RDP"
"952","133","14","3","14","179","OICP"
"953","134","14","4","1","6","L039"
"954","134","14","4","2","25","SLOPSTR1"
"955","134","14","4","3","26","BLDADEN"
"956","134","14","4","4","32","SSH7_25"
"957","134","14","4","5","92","BLDDENI"
"958","134","14","4","6","93","SPDIASTRC"
"959","134","14","4","7","100","RDDEND2"
"960","134","14","4","8","109","SAGESAND9"
"961","134","14","4","9","115","BLDADEND0"
"962","134","14","4","10","123","RDDEN"
"963","134","14","4","11","134","PCLDEND1"
"964","134","14","4","12","137","L060"
"965","134","14","4","13","178","RDP"
"966","134","14","4","14","179","OICP"
"967","135","14","5","1","6","L039"
"968","135","14","5","2","25","SLOPSTR1"
"969","135","14","5","3","26","BLDADEN"
"970","135","14","5","4","32","SSH7_25"
"971","135","14","5","5","92","BLDDENI"
"972","135","14","5","6","93","SPDIASTRC"
"973","135","14","5","7","100","RDDEND2"
"974","135","14","5","8","109","SAGESAND9"
"975","135","14","5","9","115","BLDADEND0"
"976","135","14","5","10","123","RDDEN"
"977","135","14","5","11","134","PCLDEND1"
"978","135","14","5","12","137","L060"
"979","135","14","5","13","178","RDP"
"980","135","14","5","14","179","OICP"
"981","136","14","6","1","6","L039"
"982","136","14","6","2","25","SLOPSTR1"
"983","136","14","6","3","26","BLDADEN"
"984","136","14","6","4","32","SSH7_25"
"985","136","14","6","5","92","BLDDENI"
"986","136","14","6","6","93","SPDIASTRC"
"987","136","14","6","7","100","RDDEND2"
"988","136","14","6","8","109","SAGESAND9"
"989","136","14","6","9","115","BLDADEND0"
"990","136","14","6","10","123","RDDEN"
"991","136","14","6","11","134","PCLDEND1"
"992","136","14","6","12","137","L060"
"993","136","14","6","13","178","RDP"
"994","136","14","6","14","179","OICP"
"995","137","14","7","1","6","L039"
"996","137","14","7","2","25","SLOPSTR1"
"997","137","14","7","3","26","BLDADEN"
"998","137","14","7","4","32","SSH7_25"
"999","137","14","7","5","92","BLDDENI"
"1000","137","14","7","6","93","SPDIASTRC"
"1001","137","14","7","7","100","RDDEND2"
"1002","137","14","7","8","109","SAGESAND9"
"1003","137","14","7","9","115","BLDADEND0"
"1004","137","14","7","10","123","RDDEN"
"1005","137","14","7","11","134","PCLDEND1"
"1006","137","14","7","12","137","L060"
"1007","137","14","7","13","178","RDP"
"1008","137","14","7","14","179","OICP"
"1009","138","14","8","1","6","L039"
"1010","138","14","8","2","25","SLOPSTR1"
"1011","138","14","8","3","26","BLDADEN"
"1012","138","14","8","4","28","SPAGESAN1"
"1013","138","14","8","5","32","SSH7_25"
"1014","138","14","8","6","93","SPDIASTRC"
"1015","138","14","8","7","94","L032"
"1016","138","14","8","8","100","RDDEND2"
"1017","138","14","8","9","109","SAGESAND9"
"1018","138","14","8","10","123","RDDEN"
"1019","138","14","8","11","134","PCLDEND1"
"1020","138","14","8","12","137","L060"
"1021","138","14","8","13","178","RDP"
"1022","138","14","8","14","179","OICP"
"1023","139","14","9","1","6","L039"
"1024","139","14","9","2","25","SLOPSTR1"
"1025","139","14","9","3","26","BLDADEN"
"1026","139","14","9","4","32","SSH7_25"
"1027","139","14","9","5","92","BLDDENI"
"1028","139","14","9","6","93","SPDIASTRC"
"1029","139","14","9","7","100","RDDEND2"
"1030","139","14","9","8","109","SAGESAND9"
"1031","139","14","9","9","115","BLDADEND0"
"1032","139","14","9","10","123","RDDEN"
"1033","139","14","9","11","134","PCLDEND1"
"1034","139","14","9","12","137","L060"
"1035","139","14","9","13","178","RDP"
"1036","139","14","9","14","179","OICP"
"1037","140","14","10","1","6","L039"
"1038","140","14","10","2","25","SLOPSTR1"
"1039","140","14","10","3","26","BLDADEN"
"1040","140","14","10","4","32","SSH7_25"
"1041","140","14","10","5","92","BLDDENI"
"1042","140","14","10","6","93","SPDIASTRC"
"1043","140","14","10","7","100","RDDEND2"
"1044","140","14","10","8","109","SAGESAND9"
"1045","140","14","10","9","115","BLDADEND0"
"1046","140","14","10","10","123","RDDEN"
"1047","140","14","10","11","134","PCLDEND1"
"1048","140","14","10","12","137","L060"
"1049","140","14","10","13","178","RDP"
"1050","140","14","10","14","179","OICP"
"1051","141","15","1","1","6","L039"
"1052","141","15","1","2","25","SLOPSTR1"
"1053","141","15","1","3","26","BLDADEN"
"1054","141","15","1","4","28","SPAGESAN1"
"1055","141","15","1","5","32","SSH7_25"
"1056","141","15","1","6","92","BLDDENI"
"1057","141","15","1","7","93","SPDIASTRC"
"1058","141","15","1","8","100","RDDEND2"
"1059","141","15","1","9","109","SAGESAND9"
"1060","141","15","1","10","115","BLDADEND0"
"1061","141","15","1","11","123","RDDEN"
"1062","141","15","1","12","134","PCLDEND1"
"1063","141","15","1","13","137","L060"
"1064","141","15","1","14","178","RDP"
"1065","141","15","1","15","179","OICP"
"1066","142","15","2","1","3","BLDDEND1"
"1067","142","15","2","2","6","L039"
"1068","142","15","2","3","25","SLOPSTR1"
"1069","142","15","2","4","26","BLDADEN"
"1070","142","15","2","5","32","SSH7_25"
"1071","142","15","2","6","92","BLDDENI"
"1072","142","15","2","7","93","SPDIASTRC"
"1073","142","15","2","8","100","RDDEND2"
"1074","142","15","2","9","109","SAGESAND9"
"1075","142","15","2","10","115","BLDADEND0"
"1076","142","15","2","11","123","RDDEN"
"1077","142","15","2","12","134","PCLDEND1"
"1078","142","15","2","13","137","L060"
"1079","142","15","2","14","178","RDP"
"1080","142","15","2","15","179","OICP"
"1081","143","15","3","1","6","L039"
"1082","143","15","3","2","25","SLOPSTR1"
"1083","143","15","3","3","26","BLDADEN"
"1084","143","15","3","4","28","SPAGESAN1"
"1085","143","15","3","5","32","SSH7_25"
"1086","143","15","3","6","92","BLDDENI"
"1087","143","15","3","7","93","SPDIASTRC"
"1088","143","15","3","8","100","RDDEND2"
"1089","143","15","3","9","109","SAGESAND9"
"1090","143","15","3","10","115","BLDADEND0"
"1091","143","15","3","11","123","RDDEN"
"1092","143","15","3","12","134","PCLDEND1"
"1093","143","15","3","13","137","L060"
"1094","143","15","3","14","178","RDP"
"1095","143","15","3","15","179","OICP"
"1096","144","15","4","1","3","BLDDEND1"
"1097","144","15","4","2","6","L039"
"1098","144","15","4","3","25","SLOPSTR1"
"1099","144","15","4","4","29","SPAGESAN3"
"1100","144","15","4","5","32","SSH7_25"
"1101","144","15","4","6","72","SSH20"
"1102","144","15","4","7","74","SPAGESTR2"
"1103","144","15","4","8","93","SPDIASTRC"
"1104","144","15","4","9","102","GWTRTB4YU"
"1105","144","15","4","10","111","BLDADEND9"
"1106","144","15","4","11","123","RDDEN"
"1107","144","15","4","12","134","PCLDEND1"
"1108","144","15","4","13","178","RDP"
"1109","144","15","4","14","179","OICP"
"1110","144","15","4","15","193","T20_1800SD"
"1111","145","15","5","1","6","L039"
"1112","145","15","5","2","25","SLOPSTR1"
"1113","145","15","5","3","26","BLDADEN"
"1114","145","15","5","4","28","SPAGESAN1"
"1115","145","15","5","5","32","SSH7_25"
"1116","145","15","5","6","92","BLDDENI"
"1117","145","15","5","7","93","SPDIASTRC"
"1118","145","15","5","8","100","RDDEND2"
"1119","145","15","5","9","109","SAGESAND9"
"1120","145","15","5","10","115","BLDADEND0"
"1121","145","15","5","11","123","RDDEN"
"1122","145","15","5","12","134","PCLDEND1"
"1123","145","15","5","13","137","L060"
"1124","145","15","5","14","178","RDP"
"1125","145","15","5","15","179","OICP"
"1126","146","15","6","1","6","L039"
"1127","146","15","6","2","25","SLOPSTR1"
"1128","146","15","6","3","26","BLDADEN"
"1129","146","15","6","4","28","SPAGESAN1"
"1130","146","15","6","5","32","SSH7_25"
"1131","146","15","6","6","92","BLDDENI"
"1132","146","15","6","7","93","SPDIASTRC"
"1133","146","15","6","8","100","RDDEND2"
"1134","146","15","6","9","109","SAGESAND9"
"1135","146","15","6","10","115","BLDADEND0"
"1136","146","15","6","11","123","RDDEN"
"1137","146","15","6","12","134","PCLDEND1"
"1138","146","15","6","13","137","L060"
"1139","146","15","6","14","178","RDP"
"1140","146","15","6","15","179","OICP"
"1141","147","15","7","1","6","L039"
"1142","147","15","7","2","25","SLOPSTR1"
"1143","147","15","7","3","26","BLDADEN"
"1144","147","15","7","4","28","SPAGESAN1"
"1145","147","15","7","5","32","SSH7_25"
"1146","147","15","7","6","92","BLDDENI"
"1147","147","15","7","7","93","SPDIASTRC"
"1148","147","15","7","8","100","RDDEND2"
"1149","147","15","7","9","109","SAGESAND9"
"1150","147","15","7","10","115","BLDADEND0"
"1151","147","15","7","11","123","RDDEN"
"1152","147","15","7","12","134","PCLDEND1"
"1153","147","15","7","13","137","L060"
"1154","147","15","7","14","178","RDP"
"1155","147","15","7","15","179","OICP"
"1156","148","15","8","1","6","L039"
"1157","148","15","8","2","25","SLOPSTR1"
"1158","148","15","8","3","26","BLDADEN"
"1159","148","15","8","4","28","SPAGESAN1"
"1160","148","15","8","5","32","SSH7_25"
"1161","148","15","8","6","92","BLDDENI"
"1162","148","15","8","7","93","SPDIASTRC"
"1163","148","15","8","8","100","RDDEND2"
"1164","148","15","8","9","109","SAGESAND9"
"1165","148","15","8","10","115","BLDADEND0"
"1166","148","15","8","11","123","RDDEN"
"1167","148","15","8","12","134","PCLDEND1"
"1168","148","15","8","13","137","L060"
"1169","148","15","8","14","178","RDP"
"1170","148","15","8","15","179","OICP"
"1171","149","15","9","1","3","BLDDEND1"
"1172","149","15","9","2","6","L039"
"1173","149","15","9","3","25","SLOPSTR1"
"1174","149","15","9","4","26","BLDADEN"
"1175","149","15","9","5","28","SPAGESAN1"
"1176","149","15","9","6","32","SSH7_25"
"1177","149","15","9","7","92","BLDDENI"
"1178","149","15","9","8","93","SPDIASTRC"
"1179","149","15","9","9","109","SAGESAND9"
"1180","149","15","9","10","115","BLDADEND0"
"1181","149","15","9","11","123","RDDEN"
"1182","149","15","9","12","134","PCLDEND1"
"1183","149","15","9","13","137","L060"
"1184","149","15","9","14","178","RDP"
"1185","149","15","9","15","179","OICP"
"1186","150","15","10","1","6","L039"
"1187","150","15","10","2","25","SLOPSTR1"
"1188","150","15","10","3","28","SPAGESAN1"
"1189","150","15","10","4","32","SSH7_25"
"1190","150","15","10","5","93","SPDIASTRC"
"1191","150","15","10","6","100","RDDEND2"
"1192","150","15","10","7","102","GWTRTB4YU"
"1193","150","15","10","8","109","SAGESAND9"
"1194","150","15","10","9","111","BLDADEND9"
"1195","150","15","10","10","123","RDDEN"
"1196","150","15","10","11","134","PCLDEND1"
"1197","150","15","10","12","137","L060"
"1198","150","15","10","13","178","RDP"
"1199","150","15","10","14","179","OICP"
"1200","150","15","10","15","193","T20_1800SD"
"1201","151","16","1","1","6","L039"
"1202","151","16","1","2","25","SLOPSTR1"
"1203","151","16","1","3","26","BLDADEN"
"1204","151","16","1","4","28","SPAGESAN1"
"1205","151","16","1","5","32","SSH7_25"
"1206","151","16","1","6","91","SDIASTRD10"
"1207","151","16","1","7","92","BLDDENI"
"1208","151","16","1","8","93","SPDIASTRC"
"1209","151","16","1","9","100","RDDEND2"
"1210","151","16","1","10","109","SAGESAND9"
"1211","151","16","1","11","115","BLDADEND0"
"1212","151","16","1","12","123","RDDEN"
"1213","151","16","1","13","134","PCLDEND1"
"1214","151","16","1","14","137","L060"
"1215","151","16","1","15","178","RDP"
"1216","151","16","1","16","179","OICP"
"1217","152","16","2","1","6","L039"
"1218","152","16","2","2","21","SAGESTRD8"
"1219","152","16","2","3","25","SLOPSTR1"
"1220","152","16","2","4","26","BLDADEN"
"1221","152","16","2","5","28","SPAGESAN1"
"1222","152","16","2","6","32","SSH7_25"
"1223","152","16","2","7","91","SDIASTRD10"
"1224","152","16","2","8","92","BLDDENI"
"1225","152","16","2","9","93","SPDIASTRC"
"1226","152","16","2","10","99","RDDEND1"
"1227","152","16","2","11","109","SAGESAND9"
"1228","152","16","2","12","115","BLDADEND0"
"1229","152","16","2","13","134","PCLDEND1"
"1230","152","16","2","14","137","L060"
"1231","152","16","2","15","178","RDP"
"1232","152","16","2","16","179","OICP"
"1233","153","16","3","1","3","BLDDEND1"
"1234","153","16","3","2","6","L039"
"1235","153","16","3","3","25","SLOPSTR1"
"1236","153","16","3","4","26","BLDADEN"
"1237","153","16","3","5","27","SPDIASTR6"
"1238","153","16","3","6","28","SPAGESAN1"
"1239","153","16","3","7","32","SSH7_25"
"1240","153","16","3","8","91","SDIASTRD10"
"1241","153","16","3","9","92","BLDDENI"
"1242","153","16","3","10","93","SPDIASTRC"
"1243","153","16","3","11","109","SAGESAND9"
"1244","153","16","3","12","115","BLDADEND0"
"1245","153","16","3","13","134","PCLDEND1"
"1246","153","16","3","14","137","L060"
"1247","153","16","3","15","178","RDP"
"1248","153","16","3","16","179","OICP"
"1249","154","16","4","1","3","BLDDEND1"
"1250","154","16","4","2","6","L039"
"1251","154","16","4","3","25","SLOPSTR1"
"1252","154","16","4","4","26","BLDADEN"
"1253","154","16","4","5","28","SPAGESAN1"
"1254","154","16","4","6","32","SSH7_25"
"1255","154","16","4","7","92","BLDDENI"
"1256","154","16","4","8","93","SPDIASTRC"
"1257","154","16","4","9","100","RDDEND2"
"1258","154","16","4","10","109","SAGESAND9"
"1259","154","16","4","11","115","BLDADEND0"
"1260","154","16","4","12","123","RDDEN"
"1261","154","16","4","13","134","PCLDEND1"
"1262","154","16","4","14","137","L060"
"1263","154","16","4","15","178","RDP"
"1264","154","16","4","16","179","OICP"
"1265","155","16","5","1","6","L039"
"1266","155","16","5","2","25","SLOPSTR1"
"1267","155","16","5","3","26","BLDADEN"
"1268","155","16","5","4","28","SPAGESAN1"
"1269","155","16","5","5","32","SSH7_25"
"1270","155","16","5","6","62","SSH1"
"1271","155","16","5","7","69","SSH24"
"1272","155","16","5","8","93","SPDIASTRC"
"1273","155","16","5","9","94","L032"
"1274","155","16","5","10","100","RDDEND2"
"1275","155","16","5","11","109","SAGESAND9"
"1276","155","16","5","12","123","RDDEN"
"1277","155","16","5","13","134","PCLDEND1"
"1278","155","16","5","14","137","L060"
"1279","155","16","5","15","178","RDP"
"1280","155","16","5","16","179","OICP"
"1281","156","16","6","1","3","BLDDEND1"
"1282","156","16","6","2","6","L039"
"1283","156","16","6","3","25","SLOPSTR1"
"1284","156","16","6","4","26","BLDADEN"
"1285","156","16","6","5","28","SPAGESAN1"
"1286","156","16","6","6","32","SSH7_25"
"1287","156","16","6","7","92","BLDDENI"
"1288","156","16","6","8","93","SPDIASTRC"
"1289","156","16","6","9","100","RDDEND2"
"1290","156","16","6","10","109","SAGESAND9"
"1291","156","16","6","11","115","BLDADEND0"
"1292","156","16","6","12","123","RDDEN"
"1293","156","16","6","13","134","PCLDEND1"
"1294","156","16","6","14","137","L060"
"1295","156","16","6","15","178","RDP"
"1296","156","16","6","16","179","OICP"
"1297","157","16","7","1","3","BLDDEND1"
"1298","157","16","7","2","6","L039"
"1299","157","16","7","3","25","SLOPSTR1"
"1300","157","16","7","4","26","BLDADEN"
"1301","157","16","7","5","28","SPAGESAN1"
"1302","157","16","7","6","32","SSH7_25"
"1303","157","16","7","7","92","BLDDENI"
"1304","157","16","7","8","93","SPDIASTRC"
"1305","157","16","7","9","100","RDDEND2"
"1306","157","16","7","10","109","SAGESAND9"
"1307","157","16","7","11","115","BLDADEND0"
"1308","157","16","7","12","123","RDDEN"
"1309","157","16","7","13","134","PCLDEND1"
"1310","157","16","7","14","137","L060"
"1311","157","16","7","15","178","RDP"
"1312","157","16","7","16","179","OICP"
"1313","158","16","8","1","3","BLDDEND1"
"1314","158","16","8","2","6","L039"
"1315","158","16","8","3","25","SLOPSTR1"
"1316","158","16","8","4","26","BLDADEN"
"1317","158","16","8","5","28","SPAGESAN1"
"1318","158","16","8","6","32","SSH7_25"
"1319","158","16","8","7","92","BLDDENI"
"1320","158","16","8","8","93","SPDIASTRC"
"1321","158","16","8","9","100","RDDEND2"
"1322","158","16","8","10","109","SAGESAND9"
"1323","158","16","8","11","115","BLDADEND0"
"1324","158","16","8","12","123","RDDEN"
"1325","158","16","8","13","134","PCLDEND1"
"1326","158","16","8","14","137","L060"
"1327","158","16","8","15","178","RDP"
"1328","158","16","8","16","179","OICP"
"1329","159","16","9","1","3","BLDDEND1"
"1330","159","16","9","2","6","L039"
"1331","159","16","9","3","25","SLOPSTR1"
"1332","159","16","9","4","26","BLDADEN"
"1333","159","16","9","5","28","SPAGESAN1"
"1334","159","16","9","6","32","SSH7_25"
"1335","159","16","9","7","92","BLDDENI"
"1336","159","16","9","8","93","SPDIASTRC"
"1337","159","16","9","9","100","RDDEND2"
"1338","159","16","9","10","109","SAGESAND9"
"1339","159","16","9","11","115","BLDADEND0"
"1340","159","16","9","12","123","RDDEN"
"1341","159","16","9","13","134","PCLDEND1"
"1342","159","16","9","14","137","L060"
"1343","159","16","9","15","178","RDP"
"1344","159","16","9","16","179","OICP"
"1345","160","16","10","1","6","L039"
"1346","160","16","10","2","25","SLOPSTR1"
"1347","160","16","10","3","26","BLDADEN"
"1348","160","16","10","4","32","SSH7_25"
"1349","160","16","10","5","62","SSH1"
"1350","160","16","10","6","91","SDIASTRD10"
"1351","160","16","10","7","92","BLDDENI"
"1352","160","16","10","8","93","SPDIASTRC"
"1353","160","16","10","9","100","RDDEND2"
"1354","160","16","10","10","109","SAGESAND9"
"1355","160","16","10","11","115","BLDADEND0"
"1356","160","16","10","12","123","RDDEN"
"1357","160","16","10","13","134","PCLDEND1"
"1358","160","16","10","14","137","L060"
"1359","160","16","10","15","178","RDP"
"1360","160","16","10","16","179","OICP"
"1361","161","17","1","1","6","L039"
"1362","161","17","1","2","25","SLOPSTR1"
"1363","161","17","1","3","26","BLDADEN"
"1364","161","17","1","4","27","SPDIASTR6"
"1365","161","17","1","5","28","SPAGESAN1"
"1366","161","17","1","6","32","SSH7_25"
"1367","161","17","1","7","74","SPAGESTR2"
"1368","161","17","1","8","91","SDIASTRD10"
"1369","161","17","1","9","92","BLDDENI"
"1370","161","17","1","10","93","SPDIASTRC"
"1371","161","17","1","11","100","RDDEND2"
"1372","161","17","1","12","109","SAGESAND9"
"1373","161","17","1","13","123","RDDEN"
"1374","161","17","1","14","134","PCLDEND1"
"1375","161","17","1","15","137","L060"
"1376","161","17","1","16","178","RDP"
"1377","161","17","1","17","179","OICP"
"1378","162","17","2","1","3","BLDDEND1"
"1379","162","17","2","2","6","L039"
"1380","162","17","2","3","25","SLOPSTR1"
"1381","162","17","2","4","26","BLDADEN"
"1382","162","17","2","5","28","SPAGESAN1"
"1383","162","17","2","6","32","SSH7_25"
"1384","162","17","2","7","62","SSH1"
"1385","162","17","2","8","92","BLDDENI"
"1386","162","17","2","9","93","SPDIASTRC"
"1387","162","17","2","10","100","RDDEND2"
"1388","162","17","2","11","109","SAGESAND9"
"1389","162","17","2","12","115","BLDADEND0"
"1390","162","17","2","13","123","RDDEN"
"1391","162","17","2","14","134","PCLDEND1"
"1392","162","17","2","15","137","L060"
"1393","162","17","2","16","178","RDP"
"1394","162","17","2","17","179","OICP"
"1395","163","17","3","1","3","BLDDEND1"
"1396","163","17","3","2","6","L039"
"1397","163","17","3","3","21","SAGESTRD8"
"1398","163","17","3","4","26","BLDADEN"
"1399","163","17","3","5","28","SPAGESAN1"
"1400","163","17","3","6","32","SSH7_25"
"1401","163","17","3","7","69","SSH24"
"1402","163","17","3","8","91","SDIASTRD10"
"1403","163","17","3","9","92","BLDDENI"
"1404","163","17","3","10","93","SPDIASTRC"
"1405","163","17","3","11","94","L032"
"1406","163","17","3","12","109","SAGESAND9"
"1407","163","17","3","13","115","BLDADEND0"
"1408","163","17","3","14","124","SDIASTRD1"
"1409","163","17","3","15","134","PCLDEND1"
"1410","163","17","3","16","137","L060"
"1411","163","17","3","17","179","OICP"
"1412","164","17","4","1","6","L039"
"1413","164","17","4","2","25","SLOPSTR1"
"1414","164","17","4","3","27","SPDIASTR6"
"1415","164","17","4","4","28","SPAGESAN1"
"1416","164","17","4","5","32","SSH7_25"
"1417","164","17","4","6","91","SDIASTRD10"
"1418","164","17","4","7","93","SPDIASTRC"
"1419","164","17","4","8","100","RDDEND2"
"1420","164","17","4","9","102","GWTRTB4YU"
"1421","164","17","4","10","109","SAGESAND9"
"1422","164","17","4","11","111","BLDADEND9"
"1423","164","17","4","12","123","RDDEN"
"1424","164","17","4","13","134","PCLDEND1"
"1425","164","17","4","14","137","L060"
"1426","164","17","4","15","178","RDP"
"1427","164","17","4","16","179","OICP"
"1428","164","17","4","17","193","T20_1800SD"
"1429","166","17","6","1","3","BLDDEND1"
"1430","166","17","6","2","6","L039"
"1431","166","17","6","3","21","SAGESTRD8"
"1432","166","17","6","4","26","BLDADEN"
"1433","166","17","6","5","28","SPAGESAN1"
"1434","166","17","6","6","32","SSH7_25"
"1435","166","17","6","7","91","SDIASTRD10"
"1436","166","17","6","8","92","BLDDENI"
"1437","166","17","6","9","93","SPDIASTRC"
"1438","166","17","6","10","100","RDDEND2"
"1439","166","17","6","11","109","SAGESAND9"
"1440","166","17","6","12","115","BLDADEND0"
"1441","166","17","6","13","123","RDDEN"
"1442","166","17","6","14","134","PCLDEND1"
"1443","166","17","6","15","137","L060"
"1444","166","17","6","16","178","RDP"
"1445","166","17","6","17","179","OICP"
"1446","167","17","7","1","6","L039"
"1447","167","17","7","2","25","SLOPSTR1"
"1448","167","17","7","3","26","BLDADEN"
"1449","167","17","7","4","27","SPDIASTR6"
"1450","167","17","7","5","28","SPAGESAN1"
"1451","167","17","7","6","32","SSH7_25"
"1452","167","17","7","7","91","SDIASTRD10"
"1453","167","17","7","8","92","BLDDENI"
"1454","167","17","7","9","93","SPDIASTRC"
"1455","167","17","7","10","100","RDDEND2"
"1456","167","17","7","11","109","SAGESAND9"
"1457","167","17","7","12","115","BLDADEND0"
"1458","167","17","7","13","123","RDDEN"
"1459","167","17","7","14","134","PCLDEND1"
"1460","167","17","7","15","137","L060"
"1461","167","17","7","16","178","RDP"
"1462","167","17","7","17","179","OICP"
"1463","168","17","8","1","6","L039"
"1464","168","17","8","2","25","SLOPSTR1"
"1465","168","17","8","3","26","BLDADEN"
"1466","168","17","8","4","27","SPDIASTR6"
"1467","168","17","8","5","28","SPAGESAN1"
"1468","168","17","8","6","32","SSH7_25"
"1469","168","17","8","7","91","SDIASTRD10"
"1470","168","17","8","8","92","BLDDENI"
"1471","168","17","8","9","93","SPDIASTRC"
"1472","168","17","8","10","100","RDDEND2"
"1473","168","17","8","11","109","SAGESAND9"
"1474","168","17","8","12","115","BLDADEND0"
"1475","168","17","8","13","123","RDDEN"
"1476","168","17","8","14","134","PCLDEND1"
"1477","168","17","8","15","137","L060"
"1478","168","17","8","16","178","RDP"
"1479","168","17","8","17","179","OICP"
"1480","169","17","9","1","6","L039"
"1481","169","17","9","2","25","SLOPSTR1"
"1482","169","17","9","3","26","BLDADEN"
"1483","169","17","9","4","27","SPDIASTR6"
"1484","169","17","9","5","28","SPAGESAN1"
"1485","169","17","9","6","32","SSH7_25"
"1486","169","17","9","7","91","SDIASTRD10"
"1487","169","17","9","8","92","BLDDENI"
"1488","169","17","9","9","93","SPDIASTRC"
"1489","169","17","9","10","100","RDDEND2"
"1490","169","17","9","11","109","SAGESAND9"
"1491","169","17","9","12","115","BLDADEND0"
"1492","169","17","9","13","123","RDDEN"
"1493","169","17","9","14","134","PCLDEND1"
"1494","169","17","9","15","137","L060"
"1495","169","17","9","16","178","RDP"
"1496","169","17","9","17","179","OICP"
"1497","170","17","10","1","6","L039"
"1498","170","17","10","2","25","SLOPSTR1"
"1499","170","17","10","3","26","BLDADEN"
"1500","170","17","10","4","27","SPDIASTR6"
"1501","170","17","10","5","28","SPAGESAN1"
"1502","170","17","10","6","32","SSH7_25"
"1503","170","17","10","7","62","SSH1"
"1504","170","17","10","8","91","SDIASTRD10"
"1505","170","17","10","9","92","BLDDENI"
"1506","170","17","10","10","93","SPDIASTRC"
"1507","170","17","10","11","100","RDDEND2"
"1508","170","17","10","12","109","SAGESAND9"
"1509","170","17","10","13","123","RDDEN"
"1510","170","17","10","14","134","PCLDEND1"
"1511","170","17","10","15","137","L060"
"1512","170","17","10","16","178","RDP"
"1513","170","17","10","17","179","OICP"
"1514","171","18","1","1","3","BLDDEND1"
"1515","171","18","1","2","6","L039"
"1516","171","18","1","3","25","SLOPSTR1"
"1517","171","18","1","4","26","BLDADEN"
"1518","171","18","1","5","28","SPAGESAN1"
"1519","171","18","1","6","32","SSH7_25"
"1520","171","18","1","7","62","SSH1"
"1521","171","18","1","8","92","BLDDENI"
"1522","171","18","1","9","93","SPDIASTRC"
"1523","171","18","1","10","100","RDDEND2"
"1524","171","18","1","11","109","SAGESAND9"
"1525","171","18","1","12","115","BLDADEND0"
"1526","171","18","1","13","123","RDDEN"
"1527","171","18","1","14","134","PCLDEND1"
"1528","171","18","1","15","137","L060"
"1529","171","18","1","16","142","GWTRTB1YB"
"1530","171","18","1","17","178","RDP"
"1531","171","18","1","18","179","OICP"
"1532","172","18","2","1","3","BLDDEND1"
"1533","172","18","2","2","6","L039"
"1534","172","18","2","3","25","SLOPSTR1"
"1535","172","18","2","4","26","BLDADEN"
"1536","172","18","2","5","28","SPAGESAN1"
"1537","172","18","2","6","32","SSH7_25"
"1538","172","18","2","7","62","SSH1"
"1539","172","18","2","8","92","BLDDENI"
"1540","172","18","2","9","93","SPDIASTRC"
"1541","172","18","2","10","100","RDDEND2"
"1542","172","18","2","11","109","SAGESAND9"
"1543","172","18","2","12","115","BLDADEND0"
"1544","172","18","2","13","123","RDDEN"
"1545","172","18","2","14","134","PCLDEND1"
"1546","172","18","2","15","137","L060"
"1547","172","18","2","16","142","GWTRTB1YB"
"1548","172","18","2","17","178","RDP"
"1549","172","18","2","18","179","OICP"
"1550","173","18","3","1","3","BLDDEND1"
"1551","173","18","3","2","6","L039"
"1552","173","18","3","3","25","SLOPSTR1"
"1553","173","18","3","4","26","BLDADEN"
"1554","173","18","3","5","27","SPDIASTR6"
"1555","173","18","3","6","28","SPAGESAN1"
"1556","173","18","3","7","32","SSH7_25"
"1557","173","18","3","8","91","SDIASTRD10"
"1558","173","18","3","9","92","BLDDENI"
"1559","173","18","3","10","93","SPDIASTRC"
"1560","173","18","3","11","100","RDDEND2"
"1561","173","18","3","12","109","SAGESAND9"
"1562","173","18","3","13","115","BLDADEND0"
"1563","173","18","3","14","123","RDDEN"
"1564","173","18","3","15","134","PCLDEND1"
"1565","173","18","3","16","137","L060"
"1566","173","18","3","17","178","RDP"
"1567","173","18","3","18","179","OICP"
"1568","174","18","4","1","3","BLDDEND1"
"1569","174","18","4","2","6","L039"
"1570","174","18","4","3","25","SLOPSTR1"
"1571","174","18","4","4","26","BLDADEN"
"1572","174","18","4","5","27","SPDIASTR6"
"1573","174","18","4","6","28","SPAGESAN1"
"1574","174","18","4","7","32","SSH7_25"
"1575","174","18","4","8","91","SDIASTRD10"
"1576","174","18","4","9","92","BLDDENI"
"1577","174","18","4","10","93","SPDIASTRC"
"1578","174","18","4","11","100","RDDEND2"
"1579","174","18","4","12","109","SAGESAND9"
"1580","174","18","4","13","115","BLDADEND0"
"1581","174","18","4","14","123","RDDEN"
"1582","174","18","4","15","134","PCLDEND1"
"1583","174","18","4","16","137","L060"
"1584","174","18","4","17","178","RDP"
"1585","174","18","4","18","179","OICP"
"1586","175","18","5","1","3","BLDDEND1"
"1587","175","18","5","2","6","L039"
"1588","175","18","5","3","25","SLOPSTR1"
"1589","175","18","5","4","26","BLDADEN"
"1590","175","18","5","5","28","SPAGESAN1"
"1591","175","18","5","6","32","SSH7_25"
"1592","175","18","5","7","62","SSH1"
"1593","175","18","5","8","92","BLDDENI"
"1594","175","18","5","9","93","SPDIASTRC"
"1595","175","18","5","10","100","RDDEND2"
"1596","175","18","5","11","109","SAGESAND9"
"1597","175","18","5","12","115","BLDADEND0"
"1598","175","18","5","13","123","RDDEN"
"1599","175","18","5","14","134","PCLDEND1"
"1600","175","18","5","15","137","L060"
"1601","175","18","5","16","142","GWTRTB1YB"
"1602","175","18","5","17","178","RDP"
"1603","175","18","5","18","179","OICP"
"1604","176","18","6","1","3","BLDDEND1"
"1605","176","18","6","2","6","L039"
"1606","176","18","6","3","25","SLOPSTR1"
"1607","176","18","6","4","26","BLDADEN"
"1608","176","18","6","5","27","SPDIASTR6"
"1609","176","18","6","6","28","SPAGESAN1"
"1610","176","18","6","7","32","SSH7_25"
"1611","176","18","6","8","91","SDIASTRD10"
"1612","176","18","6","9","92","BLDDENI"
"1613","176","18","6","10","93","SPDIASTRC"
"1614","176","18","6","11","100","RDDEND2"
"1615","176","18","6","12","109","SAGESAND9"
"1616","176","18","6","13","115","BLDADEND0"
"1617","176","18","6","14","123","RDDEN"
"1618","176","18","6","15","134","PCLDEND1"
"1619","176","18","6","16","137","L060"
"1620","176","18","6","17","178","RDP"
"1621","176","18","6","18","179","OICP"
"1622","177","18","7","1","3","BLDDEND1"
"1623","177","18","7","2","6","L039"
"1624","177","18","7","3","25","SLOPSTR1"
"1625","177","18","7","4","26","BLDADEN"
"1626","177","18","7","5","27","SPDIASTR6"
"1627","177","18","7","6","32","SSH7_25"
"1628","177","18","7","7","62","SSH1"
"1629","177","18","7","8","91","SDIASTRD10"
"1630","177","18","7","9","92","BLDDENI"
"1631","177","18","7","10","93","SPDIASTRC"
"1632","177","18","7","11","99","RDDEND1"
"1633","177","18","7","12","109","SAGESAND9"
"1634","177","18","7","13","115","BLDADEND0"
"1635","177","18","7","14","134","PCLDEND1"
"1636","177","18","7","15","137","L060"
"1637","177","18","7","16","178","RDP"
"1638","177","18","7","17","179","OICP"
"1639","177","18","7","18","193","T20_1800SD"
"1640","178","18","8","1","3","BLDDEND1"
"1641","178","18","8","2","6","L039"
"1642","178","18","8","3","25","SLOPSTR1"
"1643","178","18","8","4","26","BLDADEN"
"1644","178","18","8","5","27","SPDIASTR6"
"1645","178","18","8","6","28","SPAGESAN1"
"1646","178","18","8","7","32","SSH7_25"
"1647","178","18","8","8","91","SDIASTRD10"
"1648","178","18","8","9","92","BLDDENI"
"1649","178","18","8","10","93","SPDIASTRC"
"1650","178","18","8","11","100","RDDEND2"
"1651","178","18","8","12","109","SAGESAND9"
"1652","178","18","8","13","115","BLDADEND0"
"1653","178","18","8","14","123","RDDEN"
"1654","178","18","8","15","134","PCLDEND1"
"1655","178","18","8","16","137","L060"
"1656","178","18","8","17","178","RDP"
"1657","178","18","8","18","179","OICP"
"1658","179","18","9","1","3","BLDDEND1"
"1659","179","18","9","2","6","L039"
"1660","179","18","9","3","25","SLOPSTR1"
"1661","179","18","9","4","26","BLDADEN"
"1662","179","18","9","5","28","SPAGESAN1"
"1663","179","18","9","6","32","SSH7_25"
"1664","179","18","9","7","62","SSH1"
"1665","179","18","9","8","92","BLDDENI"
"1666","179","18","9","9","93","SPDIASTRC"
"1667","179","18","9","10","100","RDDEND2"
"1668","179","18","9","11","109","SAGESAND9"
"1669","179","18","9","12","115","BLDADEND0"
"1670","179","18","9","13","123","RDDEN"
"1671","179","18","9","14","134","PCLDEND1"
"1672","179","18","9","15","137","L060"
"1673","179","18","9","16","142","GWTRTB1YB"
"1674","179","18","9","17","178","RDP"
"1675","179","18","9","18","179","OICP"
"1676","180","18","10","1","3","BLDDEND1"
"1677","180","18","10","2","6","L039"
"1678","180","18","10","3","25","SLOPSTR1"
"1679","180","18","10","4","26","BLDADEN"
"1680","180","18","10","5","28","SPAGESAN1"
"1681","180","18","10","6","32","SSH7_25"
"1682","180","18","10","7","92","BLDDENI"
"1683","180","18","10","8","93","SPDIASTRC"
"1684","180","18","10","9","100","RDDEND2"
"1685","180","18","10","10","109","SAGESAND9"
"1686","180","18","10","11","117","BLDADEND2"
"1687","180","18","10","12","123","RDDEN"
"1688","180","18","10","13","128","PCLDEND9"
"1689","180","18","10","14","134","PCLDEND1"
"1690","180","18","10","15","137","L060"
"1691","180","18","10","16","142","GWTRTB1YB"
"1692","180","18","10","17","178","RDP"
"1693","180","18","10","18","179","OICP"
"1694","181","19","1","1","6","L039"
"1695","181","19","1","2","25","SLOPSTR1"
"1696","181","19","1","3","26","BLDADEN"
"1697","181","19","1","4","28","SPAGESAN1"
"1698","181","19","1","5","31","SPDIASTR2"
"1699","181","19","1","6","32","SSH7_25"
"1700","181","19","1","7","51","SLOPSAN1"
"1701","181","19","1","8","69","SSH24"
"1702","181","19","1","9","74","SPAGESTR2"
"1703","181","19","1","10","92","BLDDENI"
"1704","181","19","1","11","93","SPDIASTRC"
"1705","181","19","1","12","100","RDDEND2"
"1706","181","19","1","13","109","SAGESAND9"
"1707","181","19","1","14","123","RDDEN"
"1708","181","19","1","15","134","PCLDEND1"
"1709","181","19","1","16","137","L060"
"1710","181","19","1","17","142","GWTRTB1YB"
"1711","181","19","1","18","178","RDP"
"1712","181","19","1","19","179","OICP"
"1713","182","19","2","1","6","L039"
"1714","182","19","2","2","25","SLOPSTR1"
"1715","182","19","2","3","28","SPAGESAN1"
"1716","182","19","2","4","29","SPAGESAN3"
"1717","182","19","2","5","32","SSH7_25"
"1718","182","19","2","6","51","SLOPSAN1"
"1719","182","19","2","7","69","SSH24"
"1720","182","19","2","8","72","SSH20"
"1721","182","19","2","9","74","SPAGESTR2"
"1722","182","19","2","10","93","SPDIASTRC"
"1723","182","19","2","11","100","RDDEND2"
"1724","182","19","2","12","102","GWTRTB4YU"
"1725","182","19","2","13","111","BLDADEND9"
"1726","182","19","2","14","123","RDDEN"
"1727","182","19","2","15","134","PCLDEND1"
"1728","182","19","2","16","137","L060"
"1729","182","19","2","17","178","RDP"
"1730","182","19","2","18","179","OICP"
"1731","182","19","2","19","193","T20_1800SD"
"1732","183","19","3","1","6","L039"
"1733","183","19","3","2","25","SLOPSTR1"
"1734","183","19","3","3","26","BLDADEN"
"1735","183","19","3","4","27","SPDIASTR6"
"1736","183","19","3","5","28","SPAGESAN1"
"1737","183","19","3","6","32","SSH7_25"
"1738","183","19","3","7","62","SSH1"
"1739","183","19","3","8","69","SSH24"
"1740","183","19","3","9","91","SDIASTRD10"
"1741","183","19","3","10","92","BLDDENI"
"1742","183","19","3","11","93","SPDIASTRC"
"1743","183","19","3","12","100","RDDEND2"
"1744","183","19","3","13","109","SAGESAND9"
"1745","183","19","3","14","115","BLDADEND0"
"1746","183","19","3","15","123","RDDEN"
"1747","183","19","3","16","134","PCLDEND1"
"1748","183","19","3","17","137","L060"
"1749","183","19","3","18","178","RDP"
"1750","183","19","3","19","179","OICP"
"1751","184","19","4","1","3","BLDDEND1"
"1752","184","19","4","2","6","L039"
"1753","184","19","4","3","25","SLOPSTR1"
"1754","184","19","4","4","26","BLDADEN"
"1755","184","19","4","5","27","SPDIASTR6"
"1756","184","19","4","6","28","SPAGESAN1"
"1757","184","19","4","7","32","SSH7_25"
"1758","184","19","4","8","62","SSH1"
"1759","184","19","4","9","91","SDIASTRD10"
"1760","184","19","4","10","92","BLDDENI"
"1761","184","19","4","11","93","SPDIASTRC"
"1762","184","19","4","12","100","RDDEND2"
"1763","184","19","4","13","109","SAGESAND9"
"1764","184","19","4","14","115","BLDADEND0"
"1765","184","19","4","15","123","RDDEN"
"1766","184","19","4","16","134","PCLDEND1"
"1767","184","19","4","17","137","L060"
"1768","184","19","4","18","178","RDP"
"1769","184","19","4","19","179","OICP"
"1770","185","19","5","1","3","BLDDEND1"
"1771","185","19","5","2","6","L039"
"1772","185","19","5","3","25","SLOPSTR1"
"1773","185","19","5","4","26","BLDADEN"
"1774","185","19","5","5","27","SPDIASTR6"
"1775","185","19","5","6","28","SPAGESAN1"
"1776","185","19","5","7","32","SSH7_25"
"1777","185","19","5","8","62","SSH1"
"1778","185","19","5","9","91","SDIASTRD10"
"1779","185","19","5","10","92","BLDDENI"
"1780","185","19","5","11","93","SPDIASTRC"
"1781","185","19","5","12","100","RDDEND2"
"1782","185","19","5","13","109","SAGESAND9"
"1783","185","19","5","14","115","BLDADEND0"
"1784","185","19","5","15","123","RDDEN"
"1785","185","19","5","16","134","PCLDEND1"
"1786","185","19","5","17","137","L060"
"1787","185","19","5","18","178","RDP"
"1788","185","19","5","19","179","OICP"
"1789","186","19","6","1","3","BLDDEND1"
"1790","186","19","6","2","6","L039"
"1791","186","19","6","3","25","SLOPSTR1"
"1792","186","19","6","4","26","BLDADEN"
"1793","186","19","6","5","27","SPDIASTR6"
"1794","186","19","6","6","28","SPAGESAN1"
"1795","186","19","6","7","32","SSH7_25"
"1796","186","19","6","8","48","SSH13"
"1797","186","19","6","9","69","SSH24"
"1798","186","19","6","10","91","SDIASTRD10"
"1799","186","19","6","11","93","SPDIASTRC"
"1800","186","19","6","12","94","L032"
"1801","186","19","6","13","100","RDDEND2"
"1802","186","19","6","14","109","SAGESAND9"
"1803","186","19","6","15","123","RDDEN"
"1804","186","19","6","16","134","PCLDEND1"
"1805","186","19","6","17","137","L060"
"1806","186","19","6","18","178","RDP"
"1807","186","19","6","19","179","OICP"
"1808","187","19","7","1","3","BLDDEND1"
"1809","187","19","7","2","6","L039"
"1810","187","19","7","3","21","SAGESTRD8"
"1811","187","19","7","4","26","BLDADEN"
"1812","187","19","7","5","27","SPDIASTR6"
"1813","187","19","7","6","32","SSH7_25"
"1814","187","19","7","7","91","SDIASTRD10"
"1815","187","19","7","8","92","BLDDENI"
"1816","187","19","7","9","93","SPDIASTRC"
"1817","187","19","7","10","100","RDDEND2"
"1818","187","19","7","11","109","SAGESAND9"
"1819","187","19","7","12","115","BLDADEND0"
"1820","187","19","7","13","123","RDDEN"
"1821","187","19","7","14","124","SDIASTRD1"
"1822","187","19","7","15","134","PCLDEND1"
"1823","187","19","7","16","137","L060"
"1824","187","19","7","17","162","SSH9"
"1825","187","19","7","18","178","RDP"
"1826","187","19","7","19","179","OICP"
"1827","188","19","8","1","3","BLDDEND1"
"1828","188","19","8","2","6","L039"
"1829","188","19","8","3","21","SAGESTRD8"
"1830","188","19","8","4","25","SLOPSTR1"
"1831","188","19","8","5","26","BLDADEN"
"1832","188","19","8","6","27","SPDIASTR6"
"1833","188","19","8","7","28","SPAGESAN1"
"1834","188","19","8","8","32","SSH7_25"
"1835","188","19","8","9","91","SDIASTRD10"
"1836","188","19","8","10","92","BLDDENI"
"1837","188","19","8","11","93","SPDIASTRC"
"1838","188","19","8","12","109","SAGESAND9"
"1839","188","19","8","13","115","BLDADEND0"
"1840","188","19","8","14","123","RDDEN"
"1841","188","19","8","15","134","PCLDEND1"
"1842","188","19","8","16","137","L060"
"1843","188","19","8","17","178","RDP"
"1844","188","19","8","18","179","OICP"
"1845","188","19","8","19","193","T20_1800SD"
"1846","189","19","9","1","3","BLDDEND1"
"1847","189","19","9","2","21","SAGESTRD8"
"1848","189","19","9","3","26","BLDADEN"
"1849","189","19","9","4","28","SPAGESAN1"
"1850","189","19","9","5","32","SSH7_25"
"1851","189","19","9","6","51","SLOPSAN1"
"1852","189","19","9","7","69","SSH24"
"1853","189","19","9","8","92","BLDDENI"
"1854","189","19","9","9","93","SPDIASTRC"
"1855","189","19","9","10","100","RDDEND2"
"1856","189","19","9","11","109","SAGESAND9"
"1857","189","19","9","12","115","BLDADEND0"
"1858","189","19","9","13","123","RDDEN"
"1859","189","19","9","14","128","PCLDEND9"
"1860","189","19","9","15","137","L060"
"1861","189","19","9","16","159","SSH8"
"1862","189","19","9","17","172","PCLDEND0"
"1863","189","19","9","18","178","RDP"
"1864","189","19","9","19","179","OICP"
"1865","190","19","10","1","3","BLDDEND1"
"1866","190","19","10","2","6","L039"
"1867","190","19","10","3","25","SLOPSTR1"
"1868","190","19","10","4","26","BLDADEN"
"1869","190","19","10","5","27","SPDIASTR6"
"1870","190","19","10","6","28","SPAGESAN1"
"1871","190","19","10","7","32","SSH7_25"
"1872","190","19","10","8","62","SSH1"
"1873","190","19","10","9","91","SDIASTRD10"
"1874","190","19","10","10","92","BLDDENI"
"1875","190","19","10","11","93","SPDIASTRC"
"1876","190","19","10","12","100","RDDEND2"
"1877","190","19","10","13","109","SAGESAND9"
"1878","190","19","10","14","115","BLDADEND0"
"1879","190","19","10","15","123","RDDEN"
"1880","190","19","10","16","134","PCLDEND1"
"1881","190","19","10","17","137","L060"
"1882","190","19","10","18","178","RDP"
"1883","190","19","10","19","179","OICP"
"1884","191","20","1","1","6","L039"
"1885","191","20","1","2","21","SAGESTRD8"
"1886","191","20","1","3","26","BLDADEN"
"1887","191","20","1","4","29","SPAGESAN3"
"1888","191","20","1","5","32","SSH7_25"
"1889","191","20","1","6","51","SLOPSAN1"
"1890","191","20","1","7","69","SSH24"
"1891","191","20","1","8","72","SSH20"
"1892","191","20","1","9","74","SPAGESTR2"
"1893","191","20","1","10","92","BLDDENI"
"1894","191","20","1","11","93","SPDIASTRC"
"1895","191","20","1","12","100","RDDEND2"
"1896","191","20","1","13","113","SLOPSAND9"
"1897","191","20","1","14","115","BLDADEND0"
"1898","191","20","1","15","123","RDDEN"
"1899","191","20","1","16","134","PCLDEND1"
"1900","191","20","1","17","137","L060"
"1901","191","20","1","18","159","SSH8"
"1902","191","20","1","19","178","RDP"
"1903","191","20","1","20","179","OICP"
"1904","192","20","2","1","3","BLDDEND1"
"1905","192","20","2","2","6","L039"
"1906","192","20","2","3","25","SLOPSTR1"
"1907","192","20","2","4","26","BLDADEN"
"1908","192","20","2","5","27","SPDIASTR6"
"1909","192","20","2","6","28","SPAGESAN1"
"1910","192","20","2","7","32","SSH7_25"
"1911","192","20","2","8","62","SSH1"
"1912","192","20","2","9","91","SDIASTRD10"
"1913","192","20","2","10","92","BLDDENI"
"1914","192","20","2","11","93","SPDIASTRC"
"1915","192","20","2","12","100","RDDEND2"
"1916","192","20","2","13","109","SAGESAND9"
"1917","192","20","2","14","115","BLDADEND0"
"1918","192","20","2","15","123","RDDEN"
"1919","192","20","2","16","134","PCLDEND1"
"1920","192","20","2","17","137","L060"
"1921","192","20","2","18","162","SSH9"
"1922","192","20","2","19","178","RDP"
"1923","192","20","2","20","179","OICP"
"1924","193","20","3","1","6","L039"
"1925","193","20","3","2","25","SLOPSTR1"
"1926","193","20","3","3","27","SPDIASTR6"
"1927","193","20","3","4","28","SPAGESAN1"
"1928","193","20","3","5","29","SPAGESAN3"
"1929","193","20","3","6","32","SSH7_25"
"1930","193","20","3","7","33","SSH11"
"1931","193","20","3","8","62","SSH1"
"1932","193","20","3","9","74","SPAGESTR2"
"1933","193","20","3","10","91","SDIASTRD10"
"1934","193","20","3","11","93","SPDIASTRC"
"1935","193","20","3","12","94","L032"
"1936","193","20","3","13","100","RDDEND2"
"1937","193","20","3","14","109","SAGESAND9"
"1938","193","20","3","15","111","BLDADEND9"
"1939","193","20","3","16","123","RDDEN"
"1940","193","20","3","17","134","PCLDEND1"
"1941","193","20","3","18","137","L060"
"1942","193","20","3","19","178","RDP"
"1943","193","20","3","20","179","OICP"
"1944","195","20","5","1","3","BLDDEND1"
"1945","195","20","5","2","6","L039"
"1946","195","20","5","3","25","SLOPSTR1"
"1947","195","20","5","4","26","BLDADEN"
"1948","195","20","5","5","27","SPDIASTR6"
"1949","195","20","5","6","28","SPAGESAN1"
"1950","195","20","5","7","32","SSH7_25"
"1951","195","20","5","8","62","SSH1"
"1952","195","20","5","9","91","SDIASTRD10"
"1953","195","20","5","10","92","BLDDENI"
"1954","195","20","5","11","93","SPDIASTRC"
"1955","195","20","5","12","100","RDDEND2"
"1956","195","20","5","13","109","SAGESAND9"
"1957","195","20","5","14","115","BLDADEND0"
"1958","195","20","5","15","123","RDDEN"
"1959","195","20","5","16","134","PCLDEND1"
"1960","195","20","5","17","137","L060"
"1961","195","20","5","18","162","SSH9"
"1962","195","20","5","19","178","RDP"
"1963","195","20","5","20","179","OICP"
"1964","196","20","6","1","3","BLDDEND1"
"1965","196","20","6","2","6","L039"
"1966","196","20","6","3","25","SLOPSTR1"
"1967","196","20","6","4","26","BLDADEN"
"1968","196","20","6","5","27","SPDIASTR6"
"1969","196","20","6","6","28","SPAGESAN1"
"1970","196","20","6","7","32","SSH7_25"
"1971","196","20","6","8","33","SSH11"
"1972","196","20","6","9","62","SSH1"
"1973","196","20","6","10","91","SDIASTRD10"
"1974","196","20","6","11","92","BLDDENI"
"1975","196","20","6","12","93","SPDIASTRC"
"1976","196","20","6","13","99","RDDEND1"
"1977","196","20","6","14","109","SAGESAND9"
"1978","196","20","6","15","115","BLDADEND0"
"1979","196","20","6","16","134","PCLDEND1"
"1980","196","20","6","17","137","L060"
"1981","196","20","6","18","142","GWTRTB1YB"
"1982","196","20","6","19","178","RDP"
"1983","196","20","6","20","179","OICP"
"1984","197","20","7","1","6","L039"
"1985","197","20","7","2","21","SAGESTRD8"
"1986","197","20","7","3","26","BLDADEN"
"1987","197","20","7","4","27","SPDIASTR6"
"1988","197","20","7","5","28","SPAGESAN1"
"1989","197","20","7","6","32","SSH7_25"
"1990","197","20","7","7","51","SLOPSAN1"
"1991","197","20","7","8","69","SSH24"
"1992","197","20","7","9","91","SDIASTRD10"
"1993","197","20","7","10","92","BLDDENI"
"1994","197","20","7","11","93","SPDIASTRC"
"1995","197","20","7","12","100","RDDEND2"
"1996","197","20","7","13","109","SAGESAND9"
"1997","197","20","7","14","113","SLOPSAND9"
"1998","197","20","7","15","115","BLDADEND0"
"1999","197","20","7","16","123","RDDEN"
"2000","197","20","7","17","134","PCLDEND1"
"2001","197","20","7","18","137","L060"
"2002","197","20","7","19","178","RDP"
"2003","197","20","7","20","179","OICP"
"2004","198","20","8","1","3","BLDDEND1"
"2005","198","20","8","2","6","L039"
"2006","198","20","8","3","21","SAGESTRD8"
"2007","198","20","8","4","26","BLDADEN"
"2008","198","20","8","5","27","SPDIASTR6"
"2009","198","20","8","6","28","SPAGESAN1"
"2010","198","20","8","7","32","SSH7_25"
"2011","198","20","8","8","91","SDIASTRD10"
"2012","198","20","8","9","92","BLDDENI"
"2013","198","20","8","10","93","SPDIASTRC"
"2014","198","20","8","11","100","RDDEND2"
"2015","198","20","8","12","109","SAGESAND9"
"2016","198","20","8","13","115","BLDADEND0"
"2017","198","20","8","14","123","RDDEN"
"2018","198","20","8","15","134","PCLDEND1"
"2019","198","20","8","16","137","L060"
"2020","198","20","8","17","142","GWTRTB1YB"
"2021","198","20","8","18","162","SSH9"
"2022","198","20","8","19","178","RDP"
"2023","198","20","8","20","179","OICP"
"2024","199","20","9","1","3","BLDDEND1"
"2025","199","20","9","2","6","L039"
"2026","199","20","9","3","25","SLOPSTR1"
"2027","199","20","9","4","26","BLDADEN"
"2028","199","20","9","5","28","SPAGESAN1"
"2029","199","20","9","6","32","SSH7_25"
"2030","199","20","9","7","51","SLOPSAN1"
"2031","199","20","9","8","69","SSH24"
"2032","199","20","9","9","74","SPAGESTR2"
"2033","199","20","9","10","92","BLDDENI"
"2034","199","20","9","11","93","SPDIASTRC"
"2035","199","20","9","12","100","RDDEND2"
"2036","199","20","9","13","109","SAGESAND9"
"2037","199","20","9","14","115","BLDADEND0"
"2038","199","20","9","15","123","RDDEN"
"2039","199","20","9","16","134","PCLDEND1"
"2040","199","20","9","17","137","L060"
"2041","199","20","9","18","159","SSH8"
"2042","199","20","9","19","178","RDP"
"2043","199","20","9","20","179","OICP"
"2044","200","20","10","1","6","L039"
"2045","200","20","10","2","25","SLOPSTR1"
"2046","200","20","10","3","26","BLDADEN"
"2047","200","20","10","4","27","SPDIASTR6"
"2048","200","20","10","5","28","SPAGESAN1"
"2049","200","20","10","6","32","SSH7_25"
"2050","200","20","10","7","33","SSH11"
"2051","200","20","10","8","62","SSH1"
"2052","200","20","10","9","74","SPAGESTR2"
"2053","200","20","10","10","91","SDIASTRD10"
"2054","200","20","10","11","93","SPDIASTRC"
"2055","200","20","10","12","94","L032"
"2056","200","20","10","13","100","RDDEND2"
"2057","200","20","10","14","109","SAGESAND9"
"2058","200","20","10","15","123","RDDEN"
"2059","200","20","10","16","134","PCLDEND1"
"2060","200","20","10","17","137","L060"
"2061","200","20","10","18","172","PCLDEND0"
"2062","200","20","10","19","178","RDP"
"2063","200","20","10","20","179","OICP"
